USER_ID,USER_PW,NAME,GENDER,AGE,PURPLE_BOX,MEANING_SCORE
kurlyholic,kurlyholic,kurlyholic,Female,20,Y,0.0
DxsDtzxrz,DxsDtzxrz,Matyukon,Female,40,N,0.0
Msz1s6T,Msz1s6T,Veck,Female,50,N,0.0
tfSvZKK,tfSvZKK,Rydeard,Female,50,N,918.0
WpENmxH,WpENmxH,Tidey,Female,40,N,1030.0
KHBP8uUj,KHBP8uUj,Van de Vlies,Male,40,N,2450.5
dmq1bjtiMBx,dmq1bjtiMBx,Willeson,Female,20,N,0.0
S9hj6m,S9hj6m,Sheerin,Female,40,N,0.0
M0SMGsgJ1,M0SMGsgJ1,McClure,Female,30,N,0.0
lifQS6fF,lifQS6fF,Itzkov,Female,30,N,495.0
Co15qUDE2,Co15qUDE2,Tabour,Female,40,N,180.0
TcxETUlOa05,TcxETUlOa05,Massenhove,Female,50,N,1105.5
mFdAHko9,mFdAHko9,Knevit,Female,40,N,0.0
kHmHkCP,kHmHkCP,McClosh,Female,40,N,0.0
C2vFg2eskc,C2vFg2eskc,Paike,Female,30,N,0.0
1rxh8x0Teiqg,1rxh8x0Teiqg,Hurlston,Female,40,Y,0.0
cdbo20A9F,cdbo20A9F,Brisson,Female,20,N,0.0
87YI9TpZB,87YI9TpZB,Hadland,Female,40,N,0.0
ieZont5qa,ieZont5qa,McPeck,Male,40,N,0.0
QmhBpxXrAO,QmhBpxXrAO,Antognazzi,Female,40,N,0.0
bBsw4ogwGc,bBsw4ogwGc,Harber,Female,40,N,1840.0
sUGyU6liEK,sUGyU6liEK,O'Luby,Male,50,N,135.0
mJpaxynLM,mJpaxynLM,Handmore,Female,40,N,275.0
vVeWQE,vVeWQE,Keningley,Female,30,N,599.0
qjIdqCy,qjIdqCy,Deignan,Male,50,N,2245.5
DEso9VpQ2,DEso9VpQ2,Edland,Female,50,Y,0.0
HmaIxb,HmaIxb,Engall,Female,40,N,0.0
ksepcN,ksepcN,Summerlie,Female,40,N,0.0
oTdX8e5k,oTdX8e5k,Livezley,Male,40,N,1750.0
mflpeGOAv,mflpeGOAv,Jermin,Female,50,N,280.0
4SbtGhI,4SbtGhI,Smeal,Female,50,N,148.0
pJnh2Sd,pJnh2Sd,Shackesby,Female,50,N,0.0
RzBOiYiEsBC,RzBOiYiEsBC,Demangeot,Female,30,N,0.0
Nva1SGsOw,Nva1SGsOw,Stairmond,Female,30,N,0.0
rj7CNh0z,rj7CNh0z,Peert,Female,50,N,1150.0
XrWbTHXwJa,XrWbTHXwJa,Murty,Female,50,N,168.5
MbAjfO,MbAjfO,Kunert,Female,30,N,0.0
vfVKN1nWkLS,vfVKN1nWkLS,Lomis,Male,50,N,0.0
mMIDy4yc6,mMIDy4yc6,La Rosa,Female,50,N,0.0
TZQN0ZKR,TZQN0ZKR,Hriinchenko,Female,30,N,595.0
ec6I2hzM,ec6I2hzM,Attarge,Female,30,N,0.0
NtbQ8acSO,NtbQ8acSO,Ramalho,Male,50,N,269.5
EJpQNQ6E7d2k,EJpQNQ6E7d2k,Chang,Male,30,N,0.0
YXBjUAPNky,YXBjUAPNky,Southey,Male,30,N,0.0
8NAEdk,8NAEdk,Hinchcliffe,Female,40,N,0.0
OybyZjsgJt,OybyZjsgJt,Trayte,Male,50,N,0.0
lUoKabEcif,lUoKabEcif,Peers,Male,40,N,0.0
h5zgI1GGlM,h5zgI1GGlM,Angric,Female,30,N,670.0
tuOHVSJ3Hgq,tuOHVSJ3Hgq,Yelland,Female,40,N,0.0
F89rHUBoF,F89rHUBoF,Nettles,Female,30,N,0.0
ZbvT7W9Hh7,ZbvT7W9Hh7,Warrack,Female,30,N,0.0
pbN4ThU2,pbN4ThU2,Hedman,Female,50,N,949.0
b3sGOi99PxDq,b3sGOi99PxDq,Carriage,Male,40,N,0.0
KVgQ7s,KVgQ7s,Sooley,Female,30,N,0.0
47HCkUS8tsy3,47HCkUS8tsy3,Penhall,Female,50,N,2149.0
uvyUcv6uuioI,uvyUcv6uuioI,Raikes,Male,50,N,0.0
6c740b6t,6c740b6t,Southeran,Female,30,N,0.0
oOQagJVZi6L,oOQagJVZi6L,Muffitt,Male,30,N,0.0
5xzEh0vWOxPn,5xzEh0vWOxPn,Manthorpe,Female,30,N,0.0
JHxN3QFJk6,JHxN3QFJk6,O'Dee,Male,50,N,405.5
Mjesg1YTClm,Mjesg1YTClm,Czapla,Female,40,N,0.0
B3sftVT,B3sftVT,Phateplace,Female,40,N,0.0
sa3d7c4J36A,sa3d7c4J36A,Olsson,Female,40,N,0.0
BQRVSHJO69XR,BQRVSHJO69XR,Gley,Female,40,N,1110.0
WV9QyVwOKyQs,WV9QyVwOKyQs,Bonham,Male,20,N,0.0
S3TSnTrr,S3TSnTrr,Robez,Female,40,N,0.0
MPVg1rtnL,MPVg1rtnL,Scamerdine,Female,20,N,0.0
kdhRrm0a,kdhRrm0a,Cusworth,Female,30,N,563.5
PT9WedBEzyED,PT9WedBEzyED,Rivett,Female,40,N,504.0
SdpVCa,SdpVCa,Chansonnau,Female,30,N,552.5
AmyQZi5RTmw,AmyQZi5RTmw,Stratton,Female,50,N,73.5
gIUH3BBtqp9,gIUH3BBtqp9,Bromell,Female,30,N,0.0
7hE0mCzyc,7hE0mCzyc,Astell,Female,20,N,930.0
593ixkL9p,593ixkL9p,Kobisch,Female,30,N,0.0
kPJW8cCmbQbN,kPJW8cCmbQbN,Heinsen,Male,30,N,0.0
VEEQc6,VEEQc6,Olliff,Female,30,N,0.0
QFyb4lYgd,QFyb4lYgd,Dermott,Female,30,N,0.0
YiM2uyR,YiM2uyR,Nichol,Female,50,N,0.0
zzhhoF7pq3,zzhhoF7pq3,Smythin,Female,40,N,1698.0
ROjaSdKBWC,ROjaSdKBWC,Farncomb,Female,30,N,1125.0
67mqizM4,67mqizM4,Aery,Female,30,N,0.0
VtUtKCfFZ,VtUtKCfFZ,Rupp,Male,50,N,0.0
5MJUE7ew3A9,5MJUE7ew3A9,Dybell,Female,30,N,0.0
GRN7H2GrxU,GRN7H2GrxU,Willingham,Male,40,Y,0.0
mTKRG7LGBby2,mTKRG7LGBby2,Dominici,Female,20,N,0.0
0kGNKcd0,0kGNKcd0,Chisholm,Male,40,N,0.0
j22F6qgeUJGO,j22F6qgeUJGO,Archibould,Female,40,N,0.0
wgXfLz,wgXfLz,Jancic,Female,30,N,0.0
yRSlOlhqN,yRSlOlhqN,Coney,Female,30,Y,0.0
NqND4sp21uJu,NqND4sp21uJu,Meegan,Female,50,N,0.0
bXrgWUbk,bXrgWUbk,Place,Female,30,N,0.0
Amq0ZM2,Amq0ZM2,Goodere,Female,50,N,510.0
gPWWCTYCzL,gPWWCTYCzL,Keri,Female,20,N,675.0
aNJB979zRSri,aNJB979zRSri,Haller,Male,50,N,0.0
X8d2eg,X8d2eg,Fewster,Female,40,N,0.0
DCRo3ylabQ,DCRo3ylabQ,Snar,Female,50,Y,0.0
JhCY1Sn0AI,JhCY1Sn0AI,Atack,Male,30,N,0.0
e7uKz5DhnCVZ,e7uKz5DhnCVZ,Cavaney,Female,20,N,1519.2
RI1thATfK,RI1thATfK,Fry,Female,30,N,0.0
XEF50fIIT,XEF50fIIT,Jorg,Male,50,N,0.0
GpYvRw3cGny,GpYvRw3cGny,Moen,Male,30,N,0.0
LmHBItzshW,LmHBItzshW,Stanworth,Female,30,N,0.0
D747MvE,D747MvE,Geharke,Female,40,N,0.0
vIx2Q5Whh,vIx2Q5Whh,Waterfield,Male,30,N,0.0
VAhfske1,VAhfske1,Ellissen,Female,40,N,380.0
OFbtSnzZo8,OFbtSnzZo8,Amdohr,Male,40,N,730.5
wOBHQh,wOBHQh,Arnauduc,Female,30,N,0.0
xyJk4iOU,xyJk4iOU,Domm,Female,30,N,0.0
4LuJZD,4LuJZD,Mathes,Male,50,N,0.0
jKhhMRU,jKhhMRU,Archbold,Female,50,N,0.0
AYKoYtCbxs,AYKoYtCbxs,Shakelady,Male,40,Y,0.0
NNBP8cZSF0PE,NNBP8cZSF0PE,Ahlf,Female,40,N,0.0
Kcq8r9RzQ,Kcq8r9RzQ,Weddeburn,Female,30,N,1171.5
3O6kc0R9Y,3O6kc0R9Y,Autry,Female,50,N,0.0
8Tk6whY4XFU,8Tk6whY4XFU,Woodington,Female,40,Y,697.5
xGJYGGxY4j,xGJYGGxY4j,Fulford,Female,50,N,0.0
i8JbXvkOn,i8JbXvkOn,Eagling,Female,30,N,1285.0
ohqLYEMm,ohqLYEMm,Bowe,Male,40,Y,0.0
bIH8MCi,bIH8MCi,Camelia,Female,50,N,0.0
G0WUjoaiNLN,G0WUjoaiNLN,Souley,Male,30,N,0.0
57HbhbN3asH,57HbhbN3asH,Haps,Female,40,N,0.0
Zlt5m2BZWmyr,Zlt5m2BZWmyr,Marcos,Male,30,N,0.0
FtMZf9iZzYv7,FtMZf9iZzYv7,Thynne,Female,40,N,1030.0
oYcGBJ8o,oYcGBJ8o,Worviell,Female,40,N,0.0
ZeoAyYTV0,ZeoAyYTV0,Drain,Female,20,N,0.0
xf9nwlIkmK3,xf9nwlIkmK3,Jaume,Male,50,N,207.5
J4Guwa,J4Guwa,Porter,Female,50,Y,0.0
63gdPZHWOU,63gdPZHWOU,Bachs,Female,40,N,0.0
ghfwVN,ghfwVN,Reboulet,Female,50,N,445.0
tafqIKG4hcr4,tafqIKG4hcr4,Caze,Male,50,N,0.0
i82WOA2uXUg,i82WOA2uXUg,Wilsher,Female,30,N,0.0
aW5tGu9gwN6,aW5tGu9gwN6,Clarae,Female,30,N,0.0
yNdJtws,yNdJtws,Gouldie,Female,40,N,0.0
h238LF,h238LF,Yarnold,Male,40,N,0.0
JyrBP91,JyrBP91,Taw,Female,30,N,0.0
WiMb9WY,WiMb9WY,Basnall,Female,50,Y,0.0
PyKMwj,PyKMwj,Windebank,Female,50,N,0.0
FsjWmfDM3U,FsjWmfDM3U,Runham,Female,50,N,0.0
jPXBxWagrCq,jPXBxWagrCq,McConnachie,Female,30,N,0.0
wTQmIahqXk,wTQmIahqXk,Apdell,Male,40,N,0.0
qQygQmx1,qQygQmx1,Murrigan,Female,30,N,0.0
dxfA22tOxn,dxfA22tOxn,Wilse,Female,40,N,0.0
YTnc2S9b5IAC,YTnc2S9b5IAC,De Paepe,Female,40,N,0.0
socDcSuLd,socDcSuLd,Chad,Female,20,N,206.0
3NNZcWaTaa,3NNZcWaTaa,Bullough,Male,50,N,0.0
ZWivmEhvCYo,ZWivmEhvCYo,Richmont,Female,40,N,0.0
VebvfPwOHPZA,VebvfPwOHPZA,Burk,Female,20,Y,0.0
2TiaMFlK9Z,2TiaMFlK9Z,Chubb,Female,30,N,821.5
mdJHtZ,mdJHtZ,Crenage,Female,50,N,629.0
KIJBxBp2SM5z,KIJBxBp2SM5z,Churn,Male,30,N,0.0
jp6ZSF,jp6ZSF,Handlin,Male,30,N,0.0
QnlGuIybCX5X,QnlGuIybCX5X,Reubel,Female,40,Y,0.0
wMdV633J,wMdV633J,Huffadine,Female,40,N,0.0
yvqv542OFbuT,yvqv542OFbuT,Smitton,Female,40,N,0.0
7pJPaDHB5s9M,7pJPaDHB5s9M,Breeder,Female,30,N,0.0
A7RTQImIwDJH,A7RTQImIwDJH,Eilles,Female,40,N,0.0
9FrLGU1Pm,9FrLGU1Pm,Fullick,Male,50,N,0.0
06g7tiKVUvE,06g7tiKVUvE,Gerrelt,Female,40,N,1045.0
1u6HyMeSE,1u6HyMeSE,Turbat,Male,30,N,0.0
GccW2i,GccW2i,Simonazzi,Female,40,N,0.0
j7yySklr,j7yySklr,Shutler,Female,40,N,0.0
5KaOKUpiQp,5KaOKUpiQp,Diggens,Female,40,N,0.0
0gazZsD5f,0gazZsD5f,Franciottoi,Female,40,N,0.0
x9vjFin,x9vjFin,Odam,Female,30,N,487.5
t6m98onr,t6m98onr,Barrett,Male,50,Y,0.0
GBAnkcZGfP,GBAnkcZGfP,Consterdine,Male,40,N,0.0
lj6V6HcZDaS,lj6V6HcZDaS,O'Hone,Female,50,Y,0.0
5NWUUqGows,5NWUUqGows,Haskew,Female,50,N,1608.0
REzeh0SNLkn,REzeh0SNLkn,Doddemeede,Female,30,N,0.0
sILGpuyeG,sILGpuyeG,Clemmitt,Female,50,N,0.0
7kxeeM2V1P2U,7kxeeM2V1P2U,Garthshore,Female,40,N,395.0
lMB5s8,lMB5s8,Keymar,Male,40,N,0.0
b6bSmc,b6bSmc,Robart,Female,40,N,494.0
PCRkhnA8A,PCRkhnA8A,Serman,Male,50,N,0.0
HR6lrLvrV,HR6lrLvrV,Shenton,Male,20,N,0.0
agC1Ff,agC1Ff,Worboys,Male,30,N,0.0
6PCnbRFp10,6PCnbRFp10,Galbraith,Male,50,N,0.0
Td3gnTKKK,Td3gnTKKK,Portigall,Male,30,N,0.0
ep1GLjFwm,ep1GLjFwm,Deluze,Female,30,N,0.0
Z2exKSI,Z2exKSI,Galbreath,Female,50,N,0.0
2478cqzmq3In,2478cqzmq3In,Rottcher,Male,30,N,0.0
Ik7XifkSeG,Ik7XifkSeG,Sawrey,Female,50,N,0.0
9tknqDSO,9tknqDSO,Collyer,Female,30,N,0.0
LhRGZXGT,LhRGZXGT,Lantoph,Female,40,Y,0.0
NkTCwut5z8Nw,NkTCwut5z8Nw,Shilliday,Female,30,N,0.0
EZiUEt4d,EZiUEt4d,Lowseley,Female,50,N,0.0
Pkdl4hI1qb40,Pkdl4hI1qb40,Runham,Female,30,N,0.0
COPFKa8,COPFKa8,Venables,Female,50,N,0.0
eChh1rs,eChh1rs,Gerkens,Female,50,N,0.0
wwlppBu5L,wwlppBu5L,Addionizio,Female,40,N,0.0
PAd6Qx1bS,PAd6Qx1bS,Newiss,Female,20,N,0.0
cI0F2V3bhNZa,cI0F2V3bhNZa,Haworth,Female,40,N,0.0
GxTq27C,GxTq27C,Chestle,Male,30,N,495.0
VYP7h0NJ2roA,VYP7h0NJ2roA,Spooner,Female,30,N,0.0
AA4Gemz,AA4Gemz,Utley,Male,40,N,553.0
I7DmBo0vcykf,I7DmBo0vcykf,Stopforth,Female,30,N,0.0
cfyBwDq3fDw,cfyBwDq3fDw,Lappin,Male,30,N,0.0
yB1NjnrM,yB1NjnrM,Epilet,Female,30,N,0.0
mEqfHNCgR,mEqfHNCgR,McGeorge,Female,30,N,0.0
iIC1JGcUEbZg,iIC1JGcUEbZg,Lafford,Female,40,N,0.0
3Z3eWfohabr,3Z3eWfohabr,Grimditch,Male,30,N,0.0
emZxqfbHYkB,emZxqfbHYkB,Craggs,Male,50,N,0.0
tkIP6PI8XsWw,tkIP6PI8XsWw,Thewles,Male,50,N,0.0
MvtHLj,MvtHLj,Fotitt,Male,30,N,0.0
qRRJie,qRRJie,Balharrie,Female,40,N,0.0
Ky04RkNR,Ky04RkNR,Ewestace,Male,30,N,1300.0
x3vRSSwRrw,x3vRSSwRrw,Ellissen,Male,30,N,0.0
NAL8u90s,NAL8u90s,Ernke,Male,20,N,0.0
w8X5U6zZq,w8X5U6zZq,Bonevant,Female,30,Y,0.0
Z1uqt8xu5uT,Z1uqt8xu5uT,Chazette,Female,50,N,0.0
TOtOufOZ3a0k,TOtOufOZ3a0k,Danilowicz,Female,30,N,0.0
xj2piN6bOzN,xj2piN6bOzN,Laise,Female,40,N,0.0
GTiPGspGw,GTiPGspGw,Aynsley,Female,30,N,245.0
oHIIBOlY,oHIIBOlY,Cammocke,Male,40,N,0.0
7ITv3IZP,7ITv3IZP,Rottery,Male,50,N,0.0
47vGHwUn,47vGHwUn,Counter,Male,30,N,882.5
bJnmgw,bJnmgw,Eversley,Male,30,N,0.0
oENGYdDpKI7k,oENGYdDpKI7k,Lysaght,Female,50,N,0.0
T10R8ht,T10R8ht,Shepcutt,Female,50,N,1437.5
daJUDh0Nls,daJUDh0Nls,Drohane,Male,30,N,319.5
rbfT3O,rbfT3O,Sebastian,Female,30,N,529.0
CfxeKD,CfxeKD,Ordelt,Female,40,N,300.0
62etpahvK,62etpahvK,Rosenshine,Female,20,N,0.0
MzeUFlp,MzeUFlp,Norvell,Male,50,N,460.0
VWTLpr,VWTLpr,Deary,Female,40,N,0.0
doeYsT21bojA,doeYsT21bojA,Tindle,Female,40,N,0.0
cun1JhQBkfF,cun1JhQBkfF,Kerley,Female,30,N,0.0
fkZoKpt8VgO,fkZoKpt8VgO,Checklin,Female,30,N,0.0
kNryBzJy,kNryBzJy,Wardale,Male,30,N,581.0
0Q7sAokqyKk,0Q7sAokqyKk,Dobsons,Female,40,N,0.0
KQmXK6kaS,KQmXK6kaS,Tynemouth,Female,20,N,0.0
fSh7wjivKt,fSh7wjivKt,Bennis,Female,40,N,0.0
oghlI0HAJ,oghlI0HAJ,Attwool,Female,40,N,0.0
BEVpWvItcQ,BEVpWvItcQ,Clarabut,Female,40,Y,1100.0
4oIq0jtORtnY,4oIq0jtORtnY,Tolcher,Male,50,N,0.0
8iJ1gK,8iJ1gK,Badgers,Female,30,N,0.0
aihw2mamTZZ,aihw2mamTZZ,Witchard,Female,40,N,0.0
qzWNvt,qzWNvt,Doding,Female,50,N,0.0
UtwwZpo9gN,UtwwZpo9gN,Murra,Female,30,N,585.0
fyDBu5ZlJr,fyDBu5ZlJr,Anneslie,Male,30,N,600.0
9qB6Vxr4AE,9qB6Vxr4AE,Jakel,Male,40,Y,0.0
KachMpTN,KachMpTN,Cornick,Female,30,N,595.0
0jhe6k1Reju,0jhe6k1Reju,Frandsen,Female,30,N,1450.0
rwagY073,rwagY073,Warburton,Male,30,N,0.0
CGrRx8t1,CGrRx8t1,Lucien,Female,30,N,0.0
vNFgSvQvC24L,vNFgSvQvC24L,Krink,Male,40,N,0.0
7gVB6Q,7gVB6Q,Hobgen,Female,30,N,0.0
yYd5sVnB,yYd5sVnB,Saladin,Female,30,N,0.0
aFzCcOYb99Ao,aFzCcOYb99Ao,Davidovic,Female,30,N,0.0
1y2i2JrIRC,1y2i2JrIRC,Stroud,Female,30,N,0.0
9qZpzC,9qZpzC,Gerriessen,Female,50,N,0.0
I3aeIMM5pjT,I3aeIMM5pjT,Harlin,Female,40,N,0.0
g8Jt1tF4,g8Jt1tF4,McGavigan,Male,50,N,0.0
4iJx58,4iJx58,McBride,Female,20,N,0.0
mmFsBMXo,mmFsBMXo,Castellone,Female,30,N,2000.0
AJgcvd,AJgcvd,Pancost,Female,30,Y,135.0
zMzJI3DS,zMzJI3DS,Coolican,Female,30,N,0.0
oBvug5agPXmb,oBvug5agPXmb,Farnhill,Female,30,N,3560.0
3r82uqnq,3r82uqnq,Spenclay,Female,30,N,300.0
fy3DEDUVF,fy3DEDUVF,McTrustrie,Female,20,N,0.0
3HbNbcOwCET,3HbNbcOwCET,Dunstone,Female,40,N,2365.0
xK8572,xK8572,Dowall,Female,30,N,0.0
8J0kPbP,8J0kPbP,Dodshon,Male,30,N,0.0
4wYf4Da4It2N,4wYf4Da4It2N,Bergin,Male,30,N,0.0
YpULb6HHCG8M,YpULb6HHCG8M,Grahlman,Female,20,N,0.0
FbRYxcpL,FbRYxcpL,Astman,Female,40,N,0.0
bK9SZ6qTSU,bK9SZ6qTSU,Stefanovic,Female,40,N,0.0
lalaWXQB,lalaWXQB,Iacomelli,Male,50,N,645.0
KjP1fENYJMYL,KjP1fENYJMYL,Hunnawill,Female,50,N,0.0
2VQRINXtpd3F,2VQRINXtpd3F,Spatarul,Female,30,N,0.0
NJczxOm768c,NJczxOm768c,Rossi,Female,40,N,529.0
5DuGBvfDKqI4,5DuGBvfDKqI4,Prickett,Female,50,N,0.0
RtVLXi9q,RtVLXi9q,Trusslove,Male,40,N,0.0
OcViizx7a,OcViizx7a,Cuddon,Female,30,N,0.0
buOP8s1j,buOP8s1j,Hiley,Female,50,N,0.0
42JJCgPX,42JJCgPX,Fargher,Male,40,N,1645.0
qWeDViogH,qWeDViogH,Warret,Male,30,N,0.0
CbQBOCt,CbQBOCt,Staddom,Female,30,N,0.0
dvw5HARfpOsO,dvw5HARfpOsO,Jurewicz,Female,20,N,250.0
Ck246rpKdD,Ck246rpKdD,Bonney,Male,50,N,0.0
HYVHI9P5,HYVHI9P5,Shrieve,Female,50,N,0.0
e2glb0mq,e2glb0mq,Brissenden,Female,40,N,0.0
9aR6e5nJ,9aR6e5nJ,Alleyn,Female,50,N,0.0
oR50imFyhyAK,oR50imFyhyAK,Hevner,Female,50,Y,0.0
e33LYKPejj,e33LYKPejj,Balasini,Female,30,N,0.0
7sAepB8K6j,7sAepB8K6j,Gehrels,Female,50,N,0.0
K5awX0iR,K5awX0iR,Allot,Male,30,N,1039.5
tpfs4lY,tpfs4lY,Arnowitz,Female,40,N,0.0
xMAxRAsjnwZe,xMAxRAsjnwZe,Ondrusek,Female,50,N,1250.0
NQ2CPg7YwUE,NQ2CPg7YwUE,Shankle,Male,50,Y,629.0
tNUKf33i2b,tNUKf33i2b,Wynn,Male,50,N,0.0
JPMvwqKZhT8w,JPMvwqKZhT8w,Atkyns,Male,50,N,0.0
KBh3BsIfd3G,KBh3BsIfd3G,Cheatle,Female,40,N,395.0
9rbB95T1kOLo,9rbB95T1kOLo,Swatland,Female,40,N,0.0
DeoaMfutJS,DeoaMfutJS,Leaver,Male,30,N,0.0
k68ruOOS,k68ruOOS,Binestead,Male,20,N,197.5
wWtMdy,wWtMdy,Djokovic,Female,40,N,0.0
9jyKglPYjZ,9jyKglPYjZ,Jaffray,Female,40,N,124.5
izr5mW,izr5mW,Raspison,Male,40,N,0.0
kYX69GPzmA,kYX69GPzmA,Llywarch,Female,30,N,0.0
1eHMvM,1eHMvM,Butt Gow,Female,20,N,0.0
aOO4qikjwers,aOO4qikjwers,Laing,Female,20,N,0.0
WRDSpAQvc,WRDSpAQvc,Naseby,Female,30,N,0.0
mclCEdov,mclCEdov,Ephgrave,Male,40,N,0.0
XMfH6Do,XMfH6Do,Hubbold,Male,40,N,0.0
K9na6REVMk,K9na6REVMk,Tapper,Female,20,N,0.0
hzIx0f,hzIx0f,Dudlestone,Female,40,N,560.0
IjuQKTl0I,IjuQKTl0I,Earles,Female,50,N,1400.0
2HqEiZpgFFq,2HqEiZpgFFq,Solland,Male,30,N,0.0
HeZAK45O,HeZAK45O,Doig,Female,50,N,0.0
WehWIUF,WehWIUF,Hablet,Male,40,N,0.0
UFWag1G,UFWag1G,Costellow,Male,30,N,529.0
P4V6b9,P4V6b9,Jerrolt,Male,40,N,0.0
yNRuQ3OhcH8,yNRuQ3OhcH8,Schwartz,Female,30,N,0.0
mFtrdiNDdSlX,mFtrdiNDdSlX,Barg,Female,40,N,7422.0
h4Yde0IyV,h4Yde0IyV,McDonogh,Male,30,N,1115.0
D0mDDB,D0mDDB,Biskupiak,Female,30,N,0.0
kiDqySUrxb69,kiDqySUrxb69,Wakeman,Male,30,N,1300.0
sGgKSA8IzwA,sGgKSA8IzwA,Hardson,Female,50,N,0.0
zEVGDm,zEVGDm,Stean,Female,30,N,0.0
vrygGHYsBa,vrygGHYsBa,Frowde,Male,30,N,0.0
CnW2ORx,CnW2ORx,Bernaciak,Female,40,N,0.0
xqpoGWOYsRos,xqpoGWOYsRos,Grishechkin,Female,50,N,0.0
AztaO2QE9,AztaO2QE9,Jacquemot,Female,30,N,0.0
neSCdVk8,neSCdVk8,Muzzollo,Male,20,N,0.0
belLaoy8,belLaoy8,Lewcock,Female,30,N,0.0
CisfMt1X,CisfMt1X,Craw,Female,40,Y,958.5
TV7q6k,TV7q6k,Durdan,Female,40,N,0.0
qwIPYDPiik3U,qwIPYDPiik3U,Blease,Female,20,N,0.0
A9y4HW6F1,A9y4HW6F1,Geraghty,Female,30,N,0.0
6dTzcAyk9,6dTzcAyk9,Gerhardt,Female,30,N,0.0
y9N0OmZ5t3,y9N0OmZ5t3,Ravenscroft,Female,40,N,0.0
wWLR00OTj,wWLR00OTj,Egan,Female,30,N,0.0
g2bLh2GA8R,g2bLh2GA8R,Scirman,Female,30,N,0.0
7mGcGc39IDBg,7mGcGc39IDBg,Cossons,Female,20,Y,2000.0
kiPwcWs0,kiPwcWs0,Geraghty,Female,40,N,0.0
dHF39bkzPvCE,dHF39bkzPvCE,Gelling,Female,50,N,0.0
70TC0cA0ujGN,70TC0cA0ujGN,Pottberry,Male,50,N,0.0
IcjcoasqT,IcjcoasqT,Metrick,Female,20,Y,0.0
nZefPodj,nZefPodj,Filler,Female,40,N,0.0
SOpkNnQ,SOpkNnQ,Gabby,Male,30,N,0.0
TB7dBup,TB7dBup,Bellwood,Female,20,N,0.0
kBU7wV,kBU7wV,Threadgill,Female,50,N,0.0
Rqp5Ukk,Rqp5Ukk,Paulisch,Male,20,N,0.0
tKv8eUDXp,tKv8eUDXp,Doxsey,Female,40,N,395.0
6ee0zpzy0Ee,6ee0zpzy0Ee,Stodart,Female,50,N,0.0
9MmCZQjZQA,9MmCZQjZQA,McAneny,Male,30,Y,0.0
D9o3cCT2,D9o3cCT2,Letcher,Female,40,N,2009.0
bgoJna,bgoJna,Longworth,Female,30,N,593.5
Yhy7tr4AWb,Yhy7tr4AWb,Theobalds,Male,50,Y,0.0
7f5I31wVle,7f5I31wVle,Blinder,Female,50,N,0.0
fT27c4BXV,fT27c4BXV,Mustill,Female,30,Y,0.0
P2uF3rI2UHi,P2uF3rI2UHi,Stilgo,Female,40,N,0.0
EVqzYd,EVqzYd,Lambert-Ciorwyn,Female,40,N,880.0
qVs3a9p,qVs3a9p,Letcher,Female,50,N,0.0
Q4X1Uu2A,Q4X1Uu2A,Vearncomb,Female,40,N,2261.5
4f8oi29I8,4f8oi29I8,Absolom,Male,40,N,0.0
0Qp3r6yd,0Qp3r6yd,McNeely,Female,50,N,0.0
b7atPJR2,b7atPJR2,Gatland,Female,30,N,0.0
2qFRtz1lM,2qFRtz1lM,Beedon,Female,40,N,0.0
FMslzjZYk,FMslzjZYk,Dormand,Female,30,N,0.0
JcXoB2O4F8Gr,JcXoB2O4F8Gr,Loomes,Male,30,N,0.0
LmXbep2cAHs,LmXbep2cAHs,Phillips,Female,40,N,0.0
RS6UlYn7d,RS6UlYn7d,Mate,Male,30,N,384.0
4Wjdr5s0bPd,4Wjdr5s0bPd,Stocker,Female,40,N,0.0
hwrBikCY5jR,hwrBikCY5jR,Millson,Male,50,N,0.0
jGnArfd,jGnArfd,Marple,Female,30,N,837.5
GUoQv9Z,GUoQv9Z,Corson,Female,20,N,0.0
SgQAFSev,SgQAFSev,Bentham,Male,20,N,1930.5
piIy1xd33B,piIy1xd33B,Foard,Female,30,N,0.0
AxNOc8PgN3G,AxNOc8PgN3G,Sowrah,Female,30,N,0.0
zojLrZ4mWmOz,zojLrZ4mWmOz,Fairbank,Female,30,N,1120.5
2nzZ3O3v3jM,2nzZ3O3v3jM,O'Grogane,Female,40,N,1445.0
aNoZjkUBxVj,aNoZjkUBxVj,Jayme,Male,40,N,272.5
b6WBK3paxS,b6WBK3paxS,Varnam,Female,40,N,174.0
LeFn7QrtdEGZ,LeFn7QrtdEGZ,Lochhead,Female,40,Y,595.0
EhVzYB7ZOPm,EhVzYB7ZOPm,Josskowitz,Male,30,N,525.0
lBmp73f,lBmp73f,Dunton,Male,30,N,0.0
DqUgLZlmdZK,DqUgLZlmdZK,Aitken,Female,30,N,0.0
eJJjGVCYi,eJJjGVCYi,Cayle,Female,40,N,0.0
MAo00vg1OnO,MAo00vg1OnO,Webbe,Female,20,N,1185.5
FTXLg6kTG5,FTXLg6kTG5,Atwood,Male,30,N,0.0
mf64kiuBHk3,mf64kiuBHk3,Orchart,Male,50,N,0.0
Cgq5tU7,Cgq5tU7,Mudie,Female,40,N,0.0
3GgS5as,3GgS5as,Gegay,Male,30,N,640.0
zX3omFo9t,zX3omFo9t,Bennedsen,Female,30,N,0.0
mhzSnPlG,mhzSnPlG,Walstow,Female,30,N,0.0
Xpx55e3gDJw,Xpx55e3gDJw,McNish,Female,30,N,0.0
Spj0UYfHO9,Spj0UYfHO9,Chitty,Female,50,N,0.0
KRMxHDeOaj,KRMxHDeOaj,Tidmarsh,Female,50,N,520.0
9CLJyFv0,9CLJyFv0,Stoltz,Female,30,Y,475.0
gHVki060Z,gHVki060Z,Blanpein,Male,40,Y,475.0
LbAm2mg,LbAm2mg,Barthelet,Female,40,N,0.0
1zaowltFmgsv,1zaowltFmgsv,Denzey,Male,40,N,1125.0
iSX0lx,iSX0lx,Kitman,Male,50,N,0.0
20qbiLu34,20qbiLu34,Topes,Female,30,N,190.0
Fz16PSOtcZkY,Fz16PSOtcZkY,Riquet,Female,30,N,0.0
sjUcU7AYBUw,sjUcU7AYBUw,Bassham,Female,50,N,0.0
cNctkPp8o,cNctkPp8o,Lantry,Female,30,Y,0.0
NZ1fbT4ca,NZ1fbT4ca,Smallshaw,Female,50,N,0.0
IEbZh2xVJv,IEbZh2xVJv,Valintine,Female,40,N,0.0
vShqPANUZoWm,vShqPANUZoWm,O'Scollee,Male,40,N,0.0
TZ1UqDEE,TZ1UqDEE,Rigg,Male,30,Y,0.0
aQAiYNe,aQAiYNe,Verner,Female,50,N,0.0
QMrCUTOo,QMrCUTOo,Barthel,Male,30,N,0.0
ZcuEXwngeC,ZcuEXwngeC,Bedenham,Female,50,N,0.0
xBIwER1AjTb,xBIwER1AjTb,Dubock,Female,50,N,520.0
uwxeNfdI,uwxeNfdI,McWilliams,Male,30,N,2438.0
pAOf7hhdJGUV,pAOf7hhdJGUV,Reiglar,Male,30,N,0.0
wt6sQ1vAc3,wt6sQ1vAc3,Casillas,Female,40,N,0.0
eNlfqzSpZh,eNlfqzSpZh,Rowsel,Female,50,N,0.0
1jy7jdFhu,1jy7jdFhu,Boame,Female,40,N,1260.0
DGom61TZez,DGom61TZez,Peealess,Female,30,N,0.0
ljstCuac,ljstCuac,McCromley,Male,50,N,0.0
7mE0mlz,7mE0mlz,Bridgen,Female,30,N,0.0
scNwSAA,scNwSAA,Ramshaw,Male,20,N,0.0
pCbHGpgcAJ1E,pCbHGpgcAJ1E,Chinn,Female,30,N,0.0
i6U8VmSNR,i6U8VmSNR,Geraldi,Female,20,N,0.0
VaureFnZ,VaureFnZ,Hyslop,Female,30,N,0.0
QG78UJoKWul,QG78UJoKWul,Galway,Female,30,N,0.0
8z33TDgm,8z33TDgm,Foot,Male,30,N,745.0
SxW0HUR,SxW0HUR,Griswaite,Female,50,N,1224.5
szlCI9ph,szlCI9ph,Ketcher,Male,40,N,0.0
eDtOkU8JqkHo,eDtOkU8JqkHo,Pouck,Female,40,Y,0.0
Ey5wqikggo32,Ey5wqikggo32,Skein,Female,30,N,197.5
LuUrcvpq,LuUrcvpq,Ortiger,Male,30,N,0.0
0mb0vNQ,0mb0vNQ,Fife,Female,30,N,0.0
Yt7BLvR,Yt7BLvR,McCaig,Female,50,N,0.0
OMfQShwPT,OMfQShwPT,Antonsen,Female,40,N,3990.0
wfo6NlLvJSpM,wfo6NlLvJSpM,Bellfield,Male,30,N,0.0
5Al274pk3n,5Al274pk3n,Zottoli,Female,30,N,0.0
kcqvSU,kcqvSU,Simonaitis,Female,50,N,0.0
goFge6,goFge6,Shackleton,Male,30,N,0.0
abO5qWtdbjJ,abO5qWtdbjJ,Giral,Female,30,N,124.5
IzF5eSWW8rEF,IzF5eSWW8rEF,Alway,Female,30,N,0.0
0HRWCgimqavl,0HRWCgimqavl,Hannen,Female,50,N,0.0
s3hgKyK,s3hgKyK,Slocket,Female,50,N,0.0
g9tZHtISiI,g9tZHtISiI,Bramble,Female,40,N,0.0
UwMu6xaJ,UwMu6xaJ,Peaseman,Female,40,N,0.0
RZL2e9,RZL2e9,Bonnin,Male,40,N,0.0
w4430Um8,w4430Um8,Millyard,Female,40,N,1440.0
uv0GUTQCgk,uv0GUTQCgk,Yakebowitch,Female,40,N,0.0
fGzuvTkx,fGzuvTkx,Tuffs,Female,40,N,0.0
RhNVsOJ2Ewo,RhNVsOJ2Ewo,Robel,Female,30,N,450.0
639MKdTUU,639MKdTUU,Baniard,Male,30,N,0.0
OVNl7UWVYx,OVNl7UWVYx,Ferronier,Male,40,N,1100.0
oOUgVaf,oOUgVaf,Trewhitt,Male,30,N,0.0
HUjQw0gq,HUjQw0gq,Kubyszek,Female,40,N,0.0
bFIsCLfFUk7,bFIsCLfFUk7,Boram,Female,40,N,0.0
Dt1eouV9e7,Dt1eouV9e7,Beminster,Female,30,N,690.0
RKN3Gr,RKN3Gr,Kilshall,Male,30,N,0.0
4sjyb8mO4,4sjyb8mO4,Maple,Female,50,N,1417.5
JMQSS4i,JMQSS4i,Boik,Female,50,N,0.0
c6cdKC65yzR,c6cdKC65yzR,Sigge,Male,40,N,0.0
6fDKFBYLU,6fDKFBYLU,O'Shiels,Female,40,N,0.0
pwyBQJMTwf,pwyBQJMTwf,De Atta,Female,40,N,0.0
L6kwwS,L6kwwS,Babington,Female,50,Y,1930.5
5kxoHja4U15O,5kxoHja4U15O,Stoll,Female,30,N,0.0
XJGZ8SdOp,XJGZ8SdOp,Hearnes,Female,40,N,1022.0
LEcWBZy,LEcWBZy,Dyerson,Female,30,N,0.0
pcJu4SM1r0f,pcJu4SM1r0f,Dri,Female,40,Y,719.5
9t955p8hoA,9t955p8hoA,Moretto,Male,40,N,980.0
SalsUm8Nv,SalsUm8Nv,Haddleton,Female,20,N,0.0
DwJWyiNLEr9,DwJWyiNLEr9,Ramalhete,Female,30,N,0.0
JaSrLxX,JaSrLxX,Rummings,Female,40,N,918.0
N5jGV7eyYzp,N5jGV7eyYzp,Le Marchand,Male,40,Y,0.0
lThYDkZY4kIZ,lThYDkZY4kIZ,Price,Female,20,N,0.0
1Yoesrq,1Yoesrq,Morter,Female,30,N,2947.5
dTGUAfji,dTGUAfji,Dikels,Male,30,Y,0.0
8aV9gFqbd,8aV9gFqbd,Shilstone,Female,50,N,0.0
BFrUDD,BFrUDD,Blackhall,Male,30,N,0.0
zhadigW7YyV,zhadigW7YyV,Hurich,Female,30,N,0.0
bOkqUIE02p,bOkqUIE02p,Breadon,Female,20,Y,0.0
lK6JoPwetri,lK6JoPwetri,Lovatt,Female,40,Y,0.0
wJH2WpwayB,wJH2WpwayB,Fairholme,Female,20,N,0.0
AF9sEKeav,AF9sEKeav,Cornes,Female,30,N,666.0
WcuuH8WOn,WcuuH8WOn,Kaming,Female,50,Y,0.0
KfeuB1PI1a4,KfeuB1PI1a4,Conti,Male,30,N,270.0
QEUXRwvy4g,QEUXRwvy4g,Grahl,Female,30,N,0.0
mod9kMmmad,mod9kMmmad,Maryott,Female,30,N,0.0
B0YD7AYLI0l,B0YD7AYLI0l,Tudball,Male,20,N,842.0
1f6wUXy6A7gV,1f6wUXy6A7gV,Gilby,Male,30,N,0.0
ZGzVrqmgNPE,ZGzVrqmgNPE,Lipscomb,Female,50,N,0.0
8ExpzUldAOn,8ExpzUldAOn,Cassy,Female,40,N,0.0
6jqBMZ7wfhg,6jqBMZ7wfhg,Gaddesby,Female,30,N,0.0
kJFfWQfa8V,kJFfWQfa8V,Ginnelly,Female,40,N,0.0
fd4GcUD,fd4GcUD,Charlotte,Female,30,N,0.0
OdaOsd8,OdaOsd8,Asher,Female,20,N,0.0
JViT0nO5,JViT0nO5,Drexel,Female,50,N,3839.0
sbJb0Lq2G8t6,sbJb0Lq2G8t6,Cumber,Female,40,N,0.0
WyjFBuzwm,WyjFBuzwm,Yesinov,Female,40,N,0.0
huRNnCub3C9I,huRNnCub3C9I,Fortie,Female,30,N,700.0
tJUZ6J45e,tJUZ6J45e,Lambdean,Female,30,N,0.0
F8wLcgTYXU3,F8wLcgTYXU3,Orme,Female,30,N,0.0
hJHcesaoh,hJHcesaoh,Luker,Male,40,Y,0.0
Sqw5Ere,Sqw5Ere,Duetschens,Female,40,N,0.0
eE6iMsTF,eE6iMsTF,Bengtsson,Female,30,N,1853.0
szskgRvsm9m,szskgRvsm9m,Couser,Male,30,N,0.0
R5xBN5,R5xBN5,Ewing,Female,40,N,0.0
UOoLwxe,UOoLwxe,Teffrey,Male,50,N,0.0
78s16RE48,78s16RE48,Kardos,Female,50,N,477.5
ujXuNy,ujXuNy,McGillacoell,Female,40,Y,300.0
Uq53X41fF7l,Uq53X41fF7l,Nuzzti,Male,30,N,0.0
oeiVqfNQlM,oeiVqfNQlM,Whitton,Female,50,N,1875.0
bQHJMIeqkuHR,bQHJMIeqkuHR,Troughton,Female,30,N,510.0
N3gRMT,N3gRMT,Bartosiak,Female,40,N,1468.0
bDNRhgpkFAw,bDNRhgpkFAw,Gun,Female,50,N,0.0
gLM04kf19KB,gLM04kf19KB,Wyd,Female,30,N,0.0
8THEM3J,8THEM3J,Ostrich,Female,30,N,4165.0
joSMSb,joSMSb,Huncote,Female,40,N,0.0
VioPgLtT,VioPgLtT,Fanstone,Male,30,N,0.0
SsWH1EZC3ui,SsWH1EZC3ui,Zuanazzi,Male,50,N,0.0
an1R9hWQ,an1R9hWQ,Sentinella,Female,50,N,0.0
rEQ5rKPWQP1,rEQ5rKPWQP1,Craigg,Female,20,N,0.0
k923HiNunE,k923HiNunE,Salaman,Female,50,N,0.0
RhlowyOo2Orx,RhlowyOo2Orx,Norcliffe,Female,40,N,0.0
loXJP7E4s,loXJP7E4s,Cran,Female,30,N,0.0
3XLlfScBUQ0,3XLlfScBUQ0,Edgerley,Female,40,N,800.0
nGKjKlXFm,nGKjKlXFm,Argrave,Male,30,N,0.0
duvrMXST6N,duvrMXST6N,Mourbey,Male,50,N,0.0
bM2BsZlb85,bM2BsZlb85,Blakeston,Male,40,N,0.0
tMeqU2U,tMeqU2U,Halbord,Female,40,N,0.0
LwdJoC3GXbTh,LwdJoC3GXbTh,Zanelli,Female,40,N,0.0
FOtMHA,FOtMHA,Worstall,Female,30,N,0.0
j6D4AkP7FoT,j6D4AkP7FoT,Cutchie,Female,30,N,0.0
B1exkI741,B1exkI741,Manilove,Female,50,N,0.0
Ji6eoBSW,Ji6eoBSW,Gunn,Male,40,N,17.5
H3sOq4,H3sOq4,Collison,Female,30,N,0.0
ouDABzf6idg,ouDABzf6idg,Abbati,Female,30,N,0.0
jRVLPtOULoZ,jRVLPtOULoZ,Twells,Female,30,N,0.0
ft2w6b,ft2w6b,Attenborough,Male,40,N,0.0
7E6L0b,7E6L0b,Scarasbrick,Female,30,N,0.0
s5MP6ANQ,s5MP6ANQ,Proudman,Male,20,N,0.0
N3u0k6I4tBO,N3u0k6I4tBO,Schutter,Female,30,N,0.0
r1j6hbIK,r1j6hbIK,Young,Male,30,N,0.0
VB4Jo59A,VB4Jo59A,Moorwood,Female,30,N,0.0
PWhHAZzb,PWhHAZzb,Schusterl,Female,40,N,0.0
BULjZR88C,BULjZR88C,Gonning,Female,50,N,0.0
p1bha532,p1bha532,Vecard,Female,40,N,0.0
tV7BhZm7m,tV7BhZm7m,Bedding,Female,30,N,0.0
s3PE5JY7,s3PE5JY7,Alyoshin,Female,30,N,1039.5
1ahVXCX4AY,1ahVXCX4AY,Dombrell,Female,40,N,0.0
s8CEf95bTF,s8CEf95bTF,Sommerville,Female,40,N,0.0
wFo6LYe,wFo6LYe,Brotherhood,Female,30,N,0.0
qwIJfz,qwIJfz,Connor,Female,50,Y,0.0
G9Zer3t2w,G9Zer3t2w,Rampling,Female,40,Y,0.0
EeYiFuypT,EeYiFuypT,Baigrie,Male,30,N,305.0
FgCh0E,FgCh0E,Oxberry,Female,30,N,0.0
hUmbN5tsa2,hUmbN5tsa2,Ormesher,Female,30,N,0.0
smJhxwkExpf,smJhxwkExpf,Ravilus,Male,40,N,2245.5
qG8qyt,qG8qyt,Chomicz,Female,40,N,0.0
pJj0AMURF,pJj0AMURF,Woollons,Male,40,N,0.0
EKpFf606E0D,EKpFf606E0D,Wyldbore,Female,40,N,0.0
IOOdbVN1ZDM,IOOdbVN1ZDM,Titman,Male,40,N,0.0
qPdk8hJa6w,qPdk8hJa6w,Handke,Female,40,N,0.0
tySfCszGJ,tySfCszGJ,Oakeshott,Female,30,N,337.0
pnDwBZbWx,pnDwBZbWx,Francisco,Female,30,N,55.0
j4bzg8H,j4bzg8H,Ratnage,Male,30,N,1250.0
18XdMVV,18XdMVV,Gabbett,Female,30,N,0.0
sYhTSsZZYvdd,sYhTSsZZYvdd,Falkner,Female,40,N,0.0
hdgwfuUZe,hdgwfuUZe,Brigden,Male,30,N,270.0
6mqqSyq,6mqqSyq,Van Oort,Female,30,N,0.0
gMdcMO4g,gMdcMO4g,Daviot,Female,30,N,1000.0
opyBfX,opyBfX,Dickson,Female,40,N,1550.0
Fa7x7Ar7iPgW,Fa7x7Ar7iPgW,Fairbeard,Female,30,N,745.0
2gB1jNDKgD,2gB1jNDKgD,Rodgier,Female,50,N,0.0
Oae7C0ex,Oae7C0ex,Phelip,Female,40,N,2883.5
H9EgPPUw,H9EgPPUw,Denning,Female,30,N,0.0
rzI1C8uXdYN,rzI1C8uXdYN,Kopta,Male,20,N,190.0
nQNnA1TOVM,nQNnA1TOVM,Denisovich,Female,30,Y,0.0
IhnOwctNKn,IhnOwctNKn,Klaff,Male,40,N,0.0
M0MH811TC,M0MH811TC,Von Brook,Male,40,N,0.0
d6aPmRH,d6aPmRH,Babar,Male,30,Y,0.0
1V7OGOj,1V7OGOj,Guillou,Female,20,N,0.0
oQuPxnL2RPbY,oQuPxnL2RPbY,Rigbye,Male,30,N,0.0
f44u3WS,f44u3WS,Jowling,Female,30,Y,509.0
71ZdYrs,71ZdYrs,Roarty,Female,40,N,3795.0
lb28uZyaFw9,lb28uZyaFw9,Pullinger,Male,50,N,505.0
tzwONrBXpev1,tzwONrBXpev1,Beynon,Female,30,N,0.0
HG4AnOF7lV,HG4AnOF7lV,Rikel,Female,30,N,0.0
oqCJz0FXl,oqCJz0FXl,Jesty,Female,30,N,0.0
FokS1c2ioM,FokS1c2ioM,Gayden,Female,50,N,0.0
SOEM6K5,SOEM6K5,Slocumb,Male,20,N,0.0
n0Wqzg,n0Wqzg,Pick,Female,40,N,0.0
dLrHrzkA,dLrHrzkA,Duckerin,Female,40,N,0.0
TwTHqYGV9,TwTHqYGV9,Shitliffe,Female,30,N,1140.0
KIqLN8Vl,KIqLN8Vl,Wharf,Male,50,N,410.0
fZrRJvnS,fZrRJvnS,McCulloch,Female,40,N,0.0
mzi5AaS,mzi5AaS,Helleckas,Female,50,Y,0.0
OSWWwIh,OSWWwIh,Goundry,Female,40,N,0.0
MKl4PP,MKl4PP,Winders,Female,40,N,0.0
YxxjG1i,YxxjG1i,Ioselevich,Female,30,N,114.5
80bj4GoS9BBX,80bj4GoS9BBX,Walentynowicz,Male,30,N,0.0
86UQj5uyXE,86UQj5uyXE,Couronne,Female,50,N,0.0
bWkMxbVr88,bWkMxbVr88,Stockport,Female,50,N,0.0
WmeNjW,WmeNjW,Trees,Female,40,N,0.0
Cf6JSzU0wa64,Cf6JSzU0wa64,Lyokhin,Female,50,Y,1175.0
z6CHNN1WE,z6CHNN1WE,Sotham,Female,30,N,0.0
ucYIL55p,ucYIL55p,Sawyers,Male,30,N,0.0
ltu5jVpgz,ltu5jVpgz,Durnill,Female,30,N,1195.0
v109nq3mtjZ5,v109nq3mtjZ5,Kaindl,Female,30,N,822.5
9pVWcvqH2,9pVWcvqH2,Neal,Female,30,N,168.5
fKK1o5pk,fKK1o5pk,Liptrod,Female,40,N,0.0
xjkzXE,xjkzXE,Carnachen,Female,50,N,1125.0
LrvP3iQ9ebX,LrvP3iQ9ebX,Darker,Male,40,N,0.0
R30O2MdMw3L,R30O2MdMw3L,Scoffham,Female,30,N,0.0
zmi1Vch5,zmi1Vch5,Sporton,Female,40,N,0.0
Q3jFYBf,Q3jFYBf,MacAirt,Female,50,N,0.0
ussORtA,ussORtA,Krammer,Female,40,N,2245.5
tFnTMGmx7Ej,tFnTMGmx7Ej,Inchan,Female,30,N,0.0
ZmUU2aj,ZmUU2aj,Rothwell,Female,50,N,0.0
RHPwD80g,RHPwD80g,Verman,Male,40,N,0.0
xi51yQjga3,xi51yQjga3,Dudley,Female,30,N,0.0
Px35Pbog,Px35Pbog,Roj,Female,30,N,0.0
2VKYtZrJeO0,2VKYtZrJeO0,Portal,Male,30,N,0.0
VQXfPVbdA,VQXfPVbdA,Reary,Female,40,N,0.0
PwV709lWOU,PwV709lWOU,Jesse,Female,20,N,1110.0
t8qqWW,t8qqWW,OIlier,Male,30,N,0.0
qRhO9p3,qRhO9p3,Meenehan,Female,30,N,0.0
oMkIeFMEY,oMkIeFMEY,MacBarron,Female,40,N,0.0
qVazdJ64AEnr,qVazdJ64AEnr,Tal,Female,20,N,645.0
XuT4nI6y2YD,XuT4nI6y2YD,Gillebride,Female,30,N,0.0
9PvJF8aaexb4,9PvJF8aaexb4,Skitral,Male,40,N,0.0
bwlZ7GKqHCuz,bwlZ7GKqHCuz,Dillamore,Female,40,N,0.0
U7blOLw,U7blOLw,Solomon,Female,40,N,432.5
lwEHukxUl,lwEHukxUl,Imm,Male,50,N,1025.0
AbIZ1lR7FY,AbIZ1lR7FY,Yabsley,Female,50,N,0.0
3ZbQEPCDV,3ZbQEPCDV,Bollon,Male,40,N,0.0
yMZuEk,yMZuEk,Carmel,Female,30,Y,440.0
otW5epx,otW5epx,Coonan,Male,40,N,0.0
YXQYBBdOa5c,YXQYBBdOa5c,MacDonough,Male,50,N,405.5
9PZh5x,9PZh5x,Wauchope,Female,40,N,0.0
5EUH4aJvjt,5EUH4aJvjt,Camsey,Female,30,N,1050.0
UIe2zg2kHHD,UIe2zg2kHHD,Corner,Male,20,N,0.0
qpEu66q,qpEu66q,Handrock,Female,50,N,0.0
YgkPanpcnDj,YgkPanpcnDj,Macveigh,Female,50,N,0.0
M3S4tMSi9,M3S4tMSi9,Kynman,Female,30,N,0.0
mDCfMPF8XW,mDCfMPF8XW,Paliser,Female,20,N,995.0
whTIu0SMPa,whTIu0SMPa,Hrinchenko,Female,20,N,0.0
Qp6pyL,Qp6pyL,Giacovazzo,Female,50,N,0.0
6GepGqIMPB,6GepGqIMPB,Ghidelli,Female,30,N,510.0
U7FZVA9AMcQO,U7FZVA9AMcQO,Ingleton,Female,30,N,0.0
BRi8Pmfepg5n,BRi8Pmfepg5n,Peasey,Female,40,N,760.0
ehFcnvUTTL7,ehFcnvUTTL7,Biasio,Female,30,N,0.0
YcrLHnD9,YcrLHnD9,Shovlar,Male,30,N,0.0
9rVraq,9rVraq,Matias,Female,30,N,795.0
9xbXO7UBaVnR,9xbXO7UBaVnR,Pagan,Female,50,N,0.0
wx45eJKyLrH,wx45eJKyLrH,Carvilla,Female,30,Y,0.0
qtdfRm,qtdfRm,Tatershall,Female,20,N,1875.0
cU0TI2MlU,cU0TI2MlU,Riach,Female,20,N,0.0
Iyifh1,Iyifh1,Dibnah,Female,40,N,1895.5
dVdlnUkqWZOZ,dVdlnUkqWZOZ,Chipp,Female,20,N,0.0
w8vK2PvMOy6m,w8vK2PvMOy6m,Carse,Female,20,N,0.0
dRaNcX6,dRaNcX6,Tethacot,Female,30,N,0.0
jybRRmiN,jybRRmiN,Kaser,Female,40,N,0.0
CZB051YM,CZB051YM,Sabbin,Female,50,N,0.0
e87ofhyXSco,e87ofhyXSco,Blanch,Female,50,N,0.0
vdBa5YsbX5n,vdBa5YsbX5n,Senner,Female,50,N,0.0
ZiFWUXB0H19,ZiFWUXB0H19,Mosdell,Female,40,N,0.0
qJyeol7aX0K,qJyeol7aX0K,Conaghy,Male,40,N,0.0
3gOMBEQ3n,3gOMBEQ3n,Bandy,Female,50,N,1125.0
nfI8B4vL8Y,nfI8B4vL8Y,Fortoun,Female,30,N,0.0
GlY3CdDK6FK,GlY3CdDK6FK,Zoellner,Male,30,N,0.0
no4dM0,no4dM0,Eynon,Female,40,N,337.0
M8GnZKyFCn,M8GnZKyFCn,Goldwater,Female,50,N,990.0
6MLvir,6MLvir,Heimann,Female,20,N,0.0
Ro1kAdX0um,Ro1kAdX0um,Petrushka,Female,30,N,0.0
OSBAMnMX,OSBAMnMX,Coysh,Female,40,N,0.0
Ax9TDMA,Ax9TDMA,Chaloner,Female,40,N,0.0
s9nekaIVX3KN,s9nekaIVX3KN,Boyes,Female,40,N,0.0
8QEKsfpnp0o4,8QEKsfpnp0o4,Daouse,Female,50,Y,0.0
MYaJyK9D,MYaJyK9D,Yakovl,Female,30,N,0.0
sLA6K3QhUgh,sLA6K3QhUgh,Ortet,Female,20,N,0.0
qS8pJLa,qS8pJLa,Testo,Female,50,Y,0.0
lwJfo1,lwJfo1,Cathro,Male,50,Y,2630.0
JRezK8HRd9,JRezK8HRd9,Colleran,Female,30,N,0.0
kp27uz7Wi,kp27uz7Wi,Dameisele,Female,30,N,0.0
JNqHQp7mDf0t,JNqHQp7mDf0t,Coldbath,Male,30,N,0.0
4PcHYf4j,4PcHYf4j,Galiero,Male,50,N,0.0
9nWNnOMih,9nWNnOMih,Rowlands,Female,30,N,1445.0
apL1FdoN,apL1FdoN,Kernell,Female,30,N,0.0
ShIuAmVv3x,ShIuAmVv3x,Spaunton,Female,50,N,0.0
Tc72eg,Tc72eg,Bleackley,Male,30,N,0.0
JJMO3Jb4khT,JJMO3Jb4khT,Stoffers,Female,40,N,3180.5
XpKbeHsFI,XpKbeHsFI,Besnard,Female,20,N,0.0
E1PytY,E1PytY,Ansell,Female,30,N,0.0
5UEJLXmjP3H,5UEJLXmjP3H,Armin,Female,30,N,0.0
CncEGnZu4D,CncEGnZu4D,Barlthrop,Male,50,N,0.0
kWMT1OPUF,kWMT1OPUF,Capstick,Female,40,N,0.0
PkqJFdrgY,PkqJFdrgY,Ruckert,Male,40,N,0.0
br6g7HzB75,br6g7HzB75,Shwenn,Female,50,N,0.0
n79DoM0yMlYq,n79DoM0yMlYq,Wingatt,Female,30,N,524.0
EatHYMd11,EatHYMd11,Danilovitch,Male,40,N,0.0
hwXnNTSBUTM,hwXnNTSBUTM,Lainton,Female,30,N,0.0
RGyjZfOn,RGyjZfOn,Bende,Female,50,N,0.0
tq1enFW1Vm,tq1enFW1Vm,Scahill,Male,40,N,0.0
uRaAv1k,uRaAv1k,Piscopo,Female,40,N,0.0
UxIzRtiS4TU,UxIzRtiS4TU,Franzelini,Female,30,N,1202.0
fCKaZ7ecg5k,fCKaZ7ecg5k,Howse,Male,50,N,0.0
hiXOCJE,hiXOCJE,Lofting,Female,50,N,0.0
TV4nxK,TV4nxK,Biermatowicz,Female,30,Y,620.0
gqVCinC9ubz,gqVCinC9ubz,Perrycost,Female,40,N,349.5
v0yVkqk9SW,v0yVkqk9SW,Stubbe,Female,40,N,0.0
twiudjPMiul0,twiudjPMiul0,Henrichsen,Female,30,N,696.0
uhpgQA,uhpgQA,Rogge,Male,40,N,0.0
EEXqYmVkb6xN,EEXqYmVkb6xN,Laughton,Female,20,N,0.0
z1T2AhKN,z1T2AhKN,Ossenna,Female,30,N,696.0
Np1olgmd21H5,Np1olgmd21H5,Maffini,Female,40,N,0.0
k1RV0BK2,k1RV0BK2,Ferriby,Female,30,N,0.0
w8N76WFaO8,w8N76WFaO8,Aronoff,Female,40,N,0.0
MeTBWqA,MeTBWqA,Mieville,Female,30,N,340.0
CLD9qh,CLD9qh,Alvin,Female,50,N,0.0
1ZNglTlkksAI,1ZNglTlkksAI,Taft,Male,50,N,0.0
fPwiELrt,fPwiELrt,Late,Female,40,N,0.0
nHJbJh,nHJbJh,Johnke,Female,50,N,0.0
nr4kSV1v,nr4kSV1v,Badwick,Male,50,N,0.0
evCqYVgK,evCqYVgK,Laimable,Female,40,N,7584.0
OzVm0Q,OzVm0Q,Meachem,Female,30,N,1100.0
5mM3WIr5t,5mM3WIr5t,Wraxall,Male,20,N,0.0
ucOAz7v9V,ucOAz7v9V,Bilbey,Female,40,N,0.0
MFmytbNdoAW,MFmytbNdoAW,Fellibrand,Male,40,N,0.0
VbnZS6g,VbnZS6g,Etheridge,Female,40,N,0.0
a328hzxyo8q,a328hzxyo8q,Sanja,Male,30,N,895.0
2mazZYymQd,2mazZYymQd,Gilliard,Female,30,N,1195.0
Upr3WxG,Upr3WxG,Spennock,Female,30,N,0.0
uNM9JoNB,uNM9JoNB,Wingatt,Female,50,N,0.0
9VRkN90k,9VRkN90k,Koppke,Female,30,N,0.0
ikpk1XjFBWX,ikpk1XjFBWX,Pottiphar,Male,30,N,1710.5
kHWnNUz,kHWnNUz,Trewhitt,Female,30,N,0.0
sApjxb91,sApjxb91,Dhennin,Female,20,N,1290.0
c08zkmitNr,c08zkmitNr,Corderoy,Male,30,N,0.0
ru4FaXco,ru4FaXco,Gossop,Female,30,N,0.0
lm5LKDh,lm5LKDh,Bothen,Female,40,N,0.0
3a4nVxOO,3a4nVxOO,Tamblingson,Male,40,N,695.0
ri51ADA,ri51ADA,Dobbing,Female,30,N,1745.0
4M4K30,4M4K30,Rallin,Male,30,N,0.0
doNhyNAHT1,doNhyNAHT1,McNamee,Female,30,N,0.0
Igo1Sx5aoOoa,Igo1Sx5aoOoa,Lantiff,Male,30,N,0.0
ADUQFlkrE7b,ADUQFlkrE7b,Jozsef,Male,30,N,0.0
z9gA7IquaAP0,z9gA7IquaAP0,Elden,Female,30,N,0.0
50b8C6lM2,50b8C6lM2,Wong,Female,30,N,174.0
7P6eHqh9,7P6eHqh9,Allingham,Female,40,N,0.0
LtB0rCDurt,LtB0rCDurt,Spain-Gower,Female,40,N,661.5
rzt6iFFl,rzt6iFFl,Burdell,Male,40,N,0.0
Wcb2RDRhkFi,Wcb2RDRhkFi,Caso,Male,40,N,0.0
hPRrAm,hPRrAm,McDoual,Male,40,N,0.0
VLjY6edLmK,VLjY6edLmK,Meier,Female,40,N,552.5
QAZsXXk1mml,QAZsXXk1mml,Obin,Female,50,N,158.0
7cPmzWSH,7cPmzWSH,Dossetter,Male,40,N,1116.5
zLBVNagm5bY,zLBVNagm5bY,Makinson,Female,40,N,0.0
q1YLtbJKI,q1YLtbJKI,Allanson,Female,20,N,0.0
tTF7rbrfrenD,tTF7rbrfrenD,Rissom,Female,30,N,0.0
mZoLpv,mZoLpv,Trethowan,Female,40,N,0.0
Ut5RWX,Ut5RWX,Bly,Female,40,N,0.0
1ur1rtx,1ur1rtx,Ruston,Female,50,N,0.0
nflDs4oan,nflDs4oan,Carmont,Female,20,N,0.0
VJmYJOEHcna,VJmYJOEHcna,Peyto,Female,30,N,570.0
t06boqtpgGR,t06boqtpgGR,Balwin,Female,30,N,0.0
EXbMEHM0,EXbMEHM0,Belchambers,Female,30,Y,1151.5
hu0SRWYyBq,hu0SRWYyBq,Baptiste,Female,30,N,0.0
jF2sX3steRe,jF2sX3steRe,Crocetti,Male,40,N,0.0
tkZSKChdy,tkZSKChdy,Davidai,Male,30,N,0.0
zlC1KZ,zlC1KZ,Tooze,Male,40,N,0.0
RXIiPrcvLs0,RXIiPrcvLs0,Wheelhouse,Male,40,N,0.0
Nbwsd1c7W0tr,Nbwsd1c7W0tr,Hargroves,Female,40,N,197.5
qfbR3aRAT88,qfbR3aRAT88,Benger,Female,30,N,0.0
uFyJyf5VLDOd,uFyJyf5VLDOd,Hadny,Male,30,N,1300.0
sd2g3W5X,sd2g3W5X,Leadley,Female,30,N,0.0
ZYxoRGt,ZYxoRGt,Gosz,Male,50,N,0.0
Bi8VZ5sjhVI,Bi8VZ5sjhVI,Bilbery,Male,20,Y,0.0
2ELXlqW,2ELXlqW,Lattimer,Female,40,N,0.0
tshsYoudrX99,tshsYoudrX99,Marley,Male,40,N,0.0
1mMK10C7GY7,1mMK10C7GY7,Paddington,Male,40,N,0.0
qZG0xBg2XON,qZG0xBg2XON,Frise,Male,40,N,0.0
W7WnZ3M,W7WnZ3M,Meriot,Female,40,N,0.0
LUeeaLWY,LUeeaLWY,Bernardt,Female,40,N,0.0
pZ2cJqn4R1,pZ2cJqn4R1,Allaker,Female,50,N,0.0
uy4NeC1wu15,uy4NeC1wu15,Pascho,Female,40,N,0.0
9wmSuXYC,9wmSuXYC,Whieldon,Female,50,N,0.0
81AuXjZi,81AuXjZi,Perrinchief,Female,30,Y,0.0
ilZdj3EQ70xj,ilZdj3EQ70xj,Parton,Female,30,N,0.0
Ddkm1PC03x,Ddkm1PC03x,Aveson,Female,30,N,0.0
CsteNDI2A,CsteNDI2A,Tolchard,Female,30,Y,194.5
CNwC91TOqc6C,CNwC91TOqc6C,de Glanville,Female,40,N,470.25
6bjoD4Vpng,6bjoD4Vpng,Irvin,Male,40,N,875.0
kKV823oYyKW,kKV823oYyKW,Gilmartin,Female,50,N,0.0
G5ypm86kD1,G5ypm86kD1,Dechelle,Male,50,N,0.0
4XpNrpeYw,4XpNrpeYw,Jermey,Female,40,N,0.0
8WWeDp,8WWeDp,Cereceres,Male,30,N,0.0
8CnYCSOd,8CnYCSOd,Sherbrook,Female,40,N,0.0
0vRsmbTy,0vRsmbTy,Porcas,Male,40,N,0.0
xDUTAl0Jd,xDUTAl0Jd,Farncombe,Female,30,N,0.0
CHIpNusZ,CHIpNusZ,Tuxill,Male,30,Y,0.0
SODo9wQA2fD,SODo9wQA2fD,Oiller,Female,20,N,719.5
uBRaVk,uBRaVk,Leglise,Female,30,N,0.0
drunpzDDTx,drunpzDDTx,Allard,Female,40,N,0.0
UohBlY,UohBlY,Dunkerly,Male,50,N,670.0
Waxa93O,Waxa93O,Slaney,Female,50,N,645.0
TebrATq,TebrATq,Keig,Male,40,N,842.0
ukrPbVL,ukrPbVL,Ohms,Female,50,N,0.0
PFBTpR,PFBTpR,Devorill,Female,30,N,0.0
aczgASXv6B,aczgASXv6B,De Maine,Female,30,N,0.0
rzIb1mX,rzIb1mX,Suddaby,Female,40,N,0.0
cVEL999i,cVEL999i,Shiel,Female,50,N,0.0
DzB5g0d7kd,DzB5g0d7kd,Tacon,Female,50,Y,305.0
MlCVu15,MlCVu15,Ivasechko,Female,30,N,0.0
fIxSjO,fIxSjO,Garvin,Female,30,N,0.0
pMtyXBhKIhln,pMtyXBhKIhln,Mattedi,Female,30,N,0.0
FH9Rs2,FH9Rs2,Esselin,Female,30,N,593.0
EyEkECo,EyEkECo,Crossdale,Female,30,N,0.0
2R2uqGOW7k,2R2uqGOW7k,Spurrett,Female,30,N,475.0
oiIJtMIuv,oiIJtMIuv,Kerkham,Male,30,N,1242.5
xUUPQF,xUUPQF,McCleverty,Female,50,N,0.0
dhQjf2w,dhQjf2w,Callington,Male,40,N,0.0
WWyuLyhWlS,WWyuLyhWlS,Looney,Female,50,N,0.0
qrQe7d,qrQe7d,Josskowitz,Female,20,N,0.0
pSkZ9WVK4efK,pSkZ9WVK4efK,Sheeran,Male,40,N,0.0
JzQliwpxNpb,JzQliwpxNpb,Zielinski,Female,40,N,0.0
uF2nFogOn6,uF2nFogOn6,Notman,Male,50,N,1151.5
9jSqeTfc,9jSqeTfc,Maestrini,Female,20,N,210.0
BbPCFVpp,BbPCFVpp,Perrin,Female,30,N,0.0
ovqzyq,ovqzyq,Hauger,Male,30,N,0.0
gRkyIwMCPnc,gRkyIwMCPnc,Jakes,Female,40,N,0.0
L5U1eRHT35Q,L5U1eRHT35Q,Joselevitch,Female,30,Y,0.0
j2M6Vp,j2M6Vp,Kohrt,Female,50,N,245.0
Foq6QT,Foq6QT,Inskipp,Female,40,N,875.0
t8knfHzhcm,t8knfHzhcm,Greenwood,Female,50,N,0.0
RdI2dE,RdI2dE,Hawk,Female,50,N,0.0
QdqLjdH,QdqLjdH,Fallows,Male,30,N,2438.0
aILo0qnRJ,aILo0qnRJ,Mutton,Female,40,N,124.5
RgVksI2UJpG,RgVksI2UJpG,Cockerell,Female,30,N,0.0
ReNeNIjKE,ReNeNIjKE,Garbutt,Female,50,N,1850.0
T8zybi0,T8zybi0,Washtell,Female,30,N,0.0
7sgpHRws,7sgpHRws,Hoult,Female,20,N,0.0
oII9XDzd,oII9XDzd,Itscowicz,Male,30,Y,0.0
t5OON5,t5OON5,Eckhard,Female,50,N,0.0
JrGluK,JrGluK,Burwood,Female,20,N,0.0
uTYr4Q7,uTYr4Q7,Urquhart,Male,30,N,0.0
Yl4ANNJr,Yl4ANNJr,Laurenz,Female,40,N,372.5
tMOVFo7sN,tMOVFo7sN,Tilbey,Female,30,N,0.0
KeLk9WF0F,KeLk9WF0F,Kitteridge,Female,30,N,0.0
tsR2PypTEwDM,tsR2PypTEwDM,North,Female,30,N,0.0
9PEUavOw,9PEUavOw,Dyka,Female,30,N,0.0
OmiL9VwMJSL,OmiL9VwMJSL,Siebart,Male,30,N,0.0
e0Xthrh,e0Xthrh,Szymaniak,Female,50,N,696.0
Q9S3Hi7PM4,Q9S3Hi7PM4,Juschka,Female,30,N,0.0
TpkfjLo3YM,TpkfjLo3YM,Barlee,Female,30,N,0.0
CRANRwKT,CRANRwKT,Walters,Male,30,N,240.5
83aT3fqa6,83aT3fqa6,Sagar,Female,30,N,0.0
z8xfS50bW,z8xfS50bW,Fellini,Female,40,N,0.0
W25uzPfz0j5X,W25uzPfz0j5X,Tingly,Female,40,N,0.0
BUjK3ArsFkV,BUjK3ArsFkV,Francescuccio,Female,50,N,860.0
N8ZhNaLx9,N8ZhNaLx9,Albisser,Male,50,N,1100.0
19FH0FOmp8o,19FH0FOmp8o,McFayden,Female,30,N,0.0
ltKaha0,ltKaha0,Baff,Male,50,N,580.0
yhvJXFiSrX,yhvJXFiSrX,Kebell,Female,30,N,1245.0
KSkck2utkRpm,KSkck2utkRpm,Liversedge,Male,40,N,0.0
usqEJldcXK,usqEJldcXK,Havill,Male,30,N,0.0
PDWxRUsm6,PDWxRUsm6,Lilford,Male,20,N,0.0
alZIVvc9,alZIVvc9,Steddall,Male,30,N,0.0
0x9BPCizQyCa,0x9BPCizQyCa,McKenney,Female,40,N,0.0
MhnO2N5w8V,MhnO2N5w8V,Pykett,Female,50,N,0.0
UrRvlBI5hiu,UrRvlBI5hiu,Spinelli,Female,40,N,0.0
S5eC4f7Fo,S5eC4f7Fo,Haw,Female,50,N,2000.0
DATv7jPE0CE,DATv7jPE0CE,Shoreson,Female,50,N,0.0
8it2bc,8it2bc,Balfour,Male,30,N,0.0
cK2AZ5Y,cK2AZ5Y,Jean,Male,40,N,0.0
U5olmy,U5olmy,Saiens,Female,30,N,0.0
zIXej43,zIXej43,Underwood,Male,30,N,0.0
qhn5ko,qhn5ko,Dudney,Female,30,N,0.0
gidhlRfx7EB1,gidhlRfx7EB1,Vannah,Female,40,N,305.0
I8AOSMnRNO,I8AOSMnRNO,McClancy,Female,30,N,0.0
DrKobiJp,DrKobiJp,Brake,Female,30,N,0.0
YnNzhsn38Ph,YnNzhsn38Ph,Messier,Female,40,N,6070.5
JaofJmgf,JaofJmgf,Cuxon,Female,30,N,0.0
64gfxQV,64gfxQV,Beardshall,Male,30,N,0.0
XTd8H1,XTd8H1,Blesing,Female,20,N,0.0
JDCH5D8ebc1,JDCH5D8ebc1,Crevagh,Female,40,N,0.0
zs9OQ2bCa,zs9OQ2bCa,McHenry,Female,30,N,199.0
r3raRg,r3raRg,Iacovazzi,Female,40,N,0.0
5u6uXfoKd,5u6uXfoKd,Rigeby,Female,40,N,0.0
4R0hNaM,4R0hNaM,Abba,Male,40,N,0.0
q4a615Sp,q4a615Sp,Brecknall,Female,30,N,1780.0
l4M1kt5XnoX,l4M1kt5XnoX,Falconar,Male,30,N,0.0
DnYUz8QC,DnYUz8QC,Pavlovic,Female,30,N,0.0
KEvtQFp2,KEvtQFp2,Wimsett,Female,40,N,0.0
EtbFSmO,EtbFSmO,Castro,Female,30,N,0.0
irralnLU,irralnLU,Boyett,Female,40,N,0.0
Xz6gOoz81kW,Xz6gOoz81kW,Showt,Male,20,N,269.5
xBDwCL,xBDwCL,Glencrosche,Female,40,N,0.0
1j62KjE,1j62KjE,Brabban,Male,50,N,1368.0
htXZ0P,htXZ0P,Keddle,Male,30,N,0.0
MmXBzXLrY,MmXBzXLrY,Folds,Male,50,Y,0.0
RcGx1eXWjf,RcGx1eXWjf,Puve,Female,40,N,7584.0
IsVvUpyV,IsVvUpyV,Quemby,Male,40,N,0.0
G8X7eft,G8X7eft,Peppard,Female,20,N,0.0
2F7v5Ra3gd3,2F7v5Ra3gd3,Emsley,Female,30,N,0.0
hHQXYTB,hHQXYTB,Balf,Female,30,N,0.0
OrxfrU4zEk,OrxfrU4zEk,Le Barr,Female,40,N,0.0
dPVgmf,dPVgmf,Breawood,Female,40,N,0.0
Dnqy4BxaoE,Dnqy4BxaoE,Fannin,Female,30,Y,0.0
ng2nIss,ng2nIss,Kelloch,Male,40,N,0.0
C6y32yh8YQ,C6y32yh8YQ,Vedmore,Female,30,Y,135.0
DGuzIwhNh,DGuzIwhNh,Dixon,Female,50,N,0.0
wqLZD26,wqLZD26,Devereu,Female,20,N,0.0
9TCKBBbR,9TCKBBbR,Gleadhell,Female,40,N,0.0
SmTUdcL,SmTUdcL,Dilston,Male,50,N,0.0
2uZCpm2,2uZCpm2,Ottewell,Male,40,N,0.0
qxazUel,qxazUel,Lygo,Female,20,N,0.0
BbXSYvx9Et3n,BbXSYvx9Et3n,Dolman,Female,30,N,0.0
Orfa3vCyV,Orfa3vCyV,Zavattiero,Male,40,N,0.0
6M4SJi1OoSey,6M4SJi1OoSey,Coxhell,Female,30,N,0.0
biFa7F,biFa7F,Frascone,Female,40,N,0.0
XDhMi4,XDhMi4,Bramhall,Female,40,N,0.0
QZAnWhCa,QZAnWhCa,Borrington,Female,50,N,0.0
oJDglPomV9,oJDglPomV9,Nowell,Female,50,N,10503.0
7WMKbzW5vveW,7WMKbzW5vveW,MacEveley,Male,30,N,0.0
dvVEAV,dvVEAV,Mainston,Male,20,N,0.0
poYweZcbc,poYweZcbc,Miner,Female,30,N,790.0
Y14kDzgJ,Y14kDzgJ,Livzey,Male,40,N,0.0
NyPyEclcNwgR,NyPyEclcNwgR,Coalbran,Female,40,N,0.0
owuuI6Vm,owuuI6Vm,Challenger,Female,30,N,0.0
F9gkOnh,F9gkOnh,Vlasyuk,Female,50,N,0.0
FDsqkSMAnJCA,FDsqkSMAnJCA,Godridge,Male,30,N,640.0
FstBY1Dz9y,FstBY1Dz9y,Gillebert,Male,30,N,525.0
CoTewF9C,CoTewF9C,Berwick,Female,30,Y,0.0
5fDsu4A,5fDsu4A,Mullenger,Male,50,N,0.0
MpRHfbqzCqAc,MpRHfbqzCqAc,O'Lagene,Female,50,N,3290.0
weL7VSeBJeSN,weL7VSeBJeSN,Matfin,Female,40,N,0.0
lJR7Hc1b,lJR7Hc1b,Elkins,Female,40,N,0.0
iY1VFags,iY1VFags,Jelley,Female,30,N,1800.0
KBQeBJZIQ,KBQeBJZIQ,Bim,Male,30,N,0.0
KfuBW8reE2,KfuBW8reE2,Sallis,Male,20,N,0.0
HxMlPjOyr,HxMlPjOyr,Cunnell,Male,50,N,645.0
FW3gMcPfnbq,FW3gMcPfnbq,Wavish,Female,50,N,0.0
4BEak87Dul,4BEak87Dul,Lello,Female,30,N,124.5
DaxQZEsN,DaxQZEsN,Degenhardt,Female,50,N,0.0
fpHCPejloJkC,fpHCPejloJkC,Kyncl,Female,40,N,2490.0
ITU1jVuy,ITU1jVuy,Schuster,Female,50,Y,0.0
jmxzwjs,jmxzwjs,Zanassi,Female,30,N,0.0
MidElFM,MidElFM,Isenor,Male,40,N,0.0
QucCC3FLtc,QucCC3FLtc,Aikin,Female,40,N,0.0
WkNBJUzTY,WkNBJUzTY,Kemston,Female,50,N,125.0
M5lLuBY,M5lLuBY,Penke,Female,20,N,0.0
DQ6XTOw,DQ6XTOw,Inott,Female,40,N,0.0
Xng5j0,Xng5j0,Carette,Female,40,N,1895.5
LwBNS8,LwBNS8,Pechold,Female,30,N,0.0
83tN08,83tN08,Roughley,Female,50,N,0.0
VupD8O,VupD8O,Flower,Female,20,N,0.0
BWP6vl4,BWP6vl4,Gair,Male,40,N,0.0
z0qriFaK,z0qriFaK,Dunlap,Female,30,N,0.0
xdYXzpk0rRG,xdYXzpk0rRG,Riley,Female,30,Y,0.0
xSEMhX,xSEMhX,Stovell,Female,20,N,0.0
aWjFLc0hsEA3,aWjFLc0hsEA3,Organer,Female,20,N,1140.0
KKxnXYuTX42,KKxnXYuTX42,Ricardot,Female,40,N,0.0
WRMUxH2m,WRMUxH2m,Winridge,Female,40,N,168.5
5NYvfIXM,5NYvfIXM,Ewbach,Female,50,N,1265.0
Ms9IOk,Ms9IOk,Geertz,Female,40,N,341.0
fz1KVtQZ,fz1KVtQZ,McLaverty,Female,30,N,0.0
JzdkLs,JzdkLs,Spearman,Female,30,N,0.0
zoKm8Xs,zoKm8Xs,Barrick,Female,40,N,270.0
OkzKLY0B7,OkzKLY0B7,Widd,Female,40,N,0.0
HjmiKtkX,HjmiKtkX,Duddan,Female,40,N,0.0
OqyCgz,OqyCgz,Ralling,Female,50,N,1500.0
zFtKYM,zFtKYM,Verrall,Female,30,N,0.0
4hCJcaXM8Jms,4hCJcaXM8Jms,Mourant,Female,30,N,0.0
odk1gE5SSBt,odk1gE5SSBt,Dossetter,Female,40,N,0.0
6nZnp5wBef,6nZnp5wBef,Rolfo,Male,40,N,0.0
uVoKTCvxY2l3,uVoKTCvxY2l3,Broscombe,Male,20,N,505.5
yI9vliElATNP,yI9vliElATNP,Simonaitis,Male,40,N,0.0
qTMuAo1,qTMuAo1,Pruckner,Female,20,N,0.0
HOO0QZBy,HOO0QZBy,Veld,Female,40,N,0.0
FdWxfjtK,FdWxfjtK,Bastard,Female,30,N,0.0
vmKQtanHtK,vmKQtanHtK,McKinna,Female,50,N,0.0
v5dfOKpkKn,v5dfOKpkKn,Prando,Female,50,N,0.0
l5CXKFj6Q,l5CXKFj6Q,Sturzaker,Female,30,N,0.0
8RCefIS8vwBp,8RCefIS8vwBp,Skillington,Female,30,Y,0.0
Bs1A1p,Bs1A1p,Albon,Female,30,N,0.0
l3jvNtkOoPQ,l3jvNtkOoPQ,des Remedios,Female,50,N,299.5
Pa8AGH2,Pa8AGH2,Albrooke,Female,30,N,0.0
brbVnJFF,brbVnJFF,Ellingham,Female,30,N,0.0
bbQbu3e2,bbQbu3e2,Stembridge,Male,20,N,0.0
2qWESgEVs,2qWESgEVs,Danzelman,Female,40,N,0.0
zV7KtaEe,zV7KtaEe,Organ,Female,40,N,0.0
6m81T5dzzoUZ,6m81T5dzzoUZ,Pinar,Male,30,N,595.0
fD7dFHJION1i,fD7dFHJION1i,Faux,Male,30,N,0.0
ebj6bE0D1rSp,ebj6bE0D1rSp,Demogeot,Female,40,N,0.0
714gczE0KgWq,714gczE0KgWq,Loghan,Female,30,N,690.0
iNO2Vhh2a,iNO2Vhh2a,Frascone,Male,30,N,0.0
rbaUzv,rbaUzv,Roskelly,Female,20,N,0.0
lpD656ynDwTl,lpD656ynDwTl,Devon,Male,30,N,0.0
Ul9WKPbAuR,Ul9WKPbAuR,Franz-Schoninger,Male,40,N,0.0
g4Vkve,g4Vkve,Glasman,Female,50,N,0.0
QyD3Lz4,QyD3Lz4,Barby,Female,30,N,0.0
25bnPmux,25bnPmux,Greve,Female,40,N,0.0
oNLRPs6,oNLRPs6,Insko,Female,30,N,0.0
CBC3IV,CBC3IV,Mogenot,Male,50,N,0.0
l0CCsmo2ba5q,l0CCsmo2ba5q,Godson,Female,20,N,1895.5
C5hobmqEopLu,C5hobmqEopLu,Woodcraft,Male,50,N,0.0
i29vPyYyBSOR,i29vPyYyBSOR,Bulstrode,Female,40,N,460.5
8UDjRTeBdPy,8UDjRTeBdPy,Trinke,Female,30,Y,0.0
q1YxeBIVe,q1YxeBIVe,Natte,Male,50,N,0.0
oNq0VMNiJV,oNq0VMNiJV,Monini,Female,30,N,0.0
YwrJKVn7Nz,YwrJKVn7Nz,Smithson,Female,20,N,0.0
SZNJrkY1uQ8,SZNJrkY1uQ8,Korf,Female,50,N,0.0
RpLCbnI,RpLCbnI,Stilgoe,Female,30,N,0.0
Wd9ueBB,Wd9ueBB,Gianolini,Female,30,N,0.0
V3zc1J,V3zc1J,Kasting,Male,30,N,0.0
TsYiBE48aEP,TsYiBE48aEP,Wellman,Female,30,N,0.0
J2Itjq9IiGjh,J2Itjq9IiGjh,Yaakov,Female,30,Y,0.0
Dg2wyQ322lcj,Dg2wyQ322lcj,Livock,Female,50,N,0.0
ZtP0BoP2OzQQ,ZtP0BoP2OzQQ,Lancastle,Female,30,N,0.0
c8LnQZaQHjx,c8LnQZaQHjx,Fewkes,Female,30,N,0.0
FCLnaH5jQ,FCLnaH5jQ,Tinton,Male,30,N,0.0
7N5qV1ZLM,7N5qV1ZLM,Pinnijar,Female,30,Y,2840.0
GxHZSm,GxHZSm,Hawkshaw,Male,30,N,2613.0
xo6CtM,xo6CtM,Dowdney,Female,40,N,0.0
zDHPnTrCerY,zDHPnTrCerY,Agus,Male,30,Y,0.0
UCCdS5,UCCdS5,Guilbert,Female,30,N,841.5
vB5F83,vB5F83,MacSorley,Male,50,N,0.0
gyKPIe,gyKPIe,Balden,Female,30,N,0.0
hhHaiKV,hhHaiKV,Grancher,Female,50,N,0.0
u5GGGoc,u5GGGoc,Tomaszynski,Female,50,N,0.0
nIz52AD,nIz52AD,Carlyon,Male,30,N,0.0
6xTFnR,6xTFnR,Astill,Female,20,N,0.0
ckTW6CCDcFHi,ckTW6CCDcFHi,Meadmore,Female,40,N,0.0
vQkJnj1JP96R,vQkJnj1JP96R,McGairl,Female,40,N,0.0
E4lLtHrhd,E4lLtHrhd,Havers,Male,50,N,0.0
r5vcXR1mfh,r5vcXR1mfh,Gartside,Male,30,N,0.0
VlHAqbOf,VlHAqbOf,Foulger,Female,30,N,0.0
f5qiv3MAorQ9,f5qiv3MAorQ9,Darell,Male,40,N,0.0
g8nP5ijLraS,g8nP5ijLraS,Lunn,Female,40,N,0.0
yd5HMMY5LA,yd5HMMY5LA,Witherdon,Female,20,Y,0.0
lzPJLW,lzPJLW,Stinton,Female,30,N,1660.0
OCvdA9,OCvdA9,Konig,Female,20,N,0.0
nEr6NcTWSO,nEr6NcTWSO,Colleymore,Female,30,N,0.0
cZkQSzQj,cZkQSzQj,Limb,Female,40,N,0.0
wv6ns0UVby,wv6ns0UVby,Derham,Female,20,N,0.0
8n4FOrDuFhQ,8n4FOrDuFhQ,Rosell,Female,40,N,0.0
6OmkyBjnwGjI,6OmkyBjnwGjI,Boas,Female,50,N,1710.5
0UPUO5x4ZmKo,0UPUO5x4ZmKo,Arnal,Female,30,N,0.0
4xzOZn0,4xzOZn0,Jelly,Male,20,N,1170.0
d6s0qIoT,d6s0qIoT,Gorner,Female,40,Y,0.0
xS5VkEZOGJ,xS5VkEZOGJ,Scarlett,Female,50,N,0.0
v6fPeU,v6fPeU,Gaffer,Female,20,N,0.0
ENLvAykU,ENLvAykU,Colin,Female,30,N,1120.5
Sl1soSFFu,Sl1soSFFu,Nevett,Female,50,N,3475.0
ZYCtCEYCOwl,ZYCtCEYCOwl,Petrello,Female,50,N,0.0
5QLJdFtTa,5QLJdFtTa,Spellicy,Female,30,N,527.5
pd5ktw9x,pd5ktw9x,McNern,Male,40,N,0.0
cIW2wi178PSE,cIW2wi178PSE,Ingreda,Male,40,N,0.0
xe2McRgMEb,xe2McRgMEb,O'Tierney,Female,20,N,0.0
VPJUjz,VPJUjz,Tyreman,Male,40,N,0.0
sRYX4c8VaVjG,sRYX4c8VaVjG,Estevez,Female,50,N,0.0
LQ5kOe7,LQ5kOe7,Eayrs,Female,30,Y,1840.0
8aeuz4w4uRtR,8aeuz4w4uRtR,Schule,Female,30,N,0.0
0foF18,0foF18,Waskett,Female,30,N,0.0
1XPYW2,1XPYW2,Compford,Female,40,N,0.0
Py0gSkKTIKrO,Py0gSkKTIKrO,Rego,Female,50,N,0.0
r7vRjG,r7vRjG,Jako,Female,30,N,0.0
n6VMtF,n6VMtF,Leverett,Female,40,N,0.0
Q2f31agowUCh,Q2f31agowUCh,Vannacci,Female,50,N,0.0
VxBM1hR4j4Yt,VxBM1hR4j4Yt,Wozencraft,Female,30,N,0.0
MRnP9kUBduhW,MRnP9kUBduhW,Bescoby,Female,30,N,0.0
Epr5JxsE1,Epr5JxsE1,Josse,Female,30,N,0.0
0AZrC7FP6,0AZrC7FP6,Roads,Female,30,N,0.0
QT7jVjfkr9,QT7jVjfkr9,Turfitt,Male,30,N,0.0
ooo7Fu,ooo7Fu,McKinless,Female,30,N,0.0
9TwYmdBqO3,9TwYmdBqO3,Creddon,Female,50,N,337.5
GFAAWub8SL,GFAAWub8SL,Greer,Female,40,N,0.0
4GIyZlTJrJB,4GIyZlTJrJB,Warcop,Female,50,N,0.0
3MB9O76aO,3MB9O76aO,Rennock,Female,50,N,0.0
67sjo3Ahx,67sjo3Ahx,Olive,Female,40,N,0.0
ocIPmOb,ocIPmOb,Loukes,Female,40,N,1745.0
llX4m0,llX4m0,Antonovic,Female,40,N,2930.0
HbH3KuX,HbH3KuX,Cutchee,Female,30,N,0.0
L0JfimHqLIi,L0JfimHqLIi,Farey,Male,40,N,120.0
2s0sae4spR,2s0sae4spR,Brok,Male,50,N,0.0
xu6pOQdR0v,xu6pOQdR0v,Moxstead,Male,40,N,0.0
v8X8dWmRU57,v8X8dWmRU57,Dunbabin,Female,50,N,0.0
IyZCxrm,IyZCxrm,Kelland,Male,50,N,3969.0
RUfdAPzh,RUfdAPzh,Milmore,Female,20,N,719.5
NFdU09C,NFdU09C,Camin,Female,30,N,0.0
1jWerQY6wps,1jWerQY6wps,Jaulmes,Female,50,N,0.0
4e9u6UuQ,4e9u6UuQ,Dougharty,Female,50,N,0.0
2c7tQVmuvCsm,2c7tQVmuvCsm,Rene,Female,50,N,0.0
stgYK9nbMD,stgYK9nbMD,Hefferon,Male,30,N,0.0
amtFfsQne8,amtFfsQne8,Rodolphe,Female,40,N,2294.7
dhXfnGnt5bu,dhXfnGnt5bu,MacMakin,Female,50,N,0.0
TKOcdHnDA,TKOcdHnDA,Grassot,Female,50,N,0.0
Yfc2niXv9,Yfc2niXv9,Rodman,Female,40,N,661.5
FU69tkdp8QzE,FU69tkdp8QzE,Tunnadine,Female,20,N,0.0
Z14Ihqp9yR7A,Z14Ihqp9yR7A,Somner,Female,30,N,1250.0
uD4Knrl298E,uD4Knrl298E,MacCartney,Male,50,N,0.0
3OVdiOr,3OVdiOr,Aguirrezabal,Female,30,N,0.0
DAl0HkOk,DAl0HkOk,Scothern,Female,40,N,945.0
5aqKUoOJPU2U,5aqKUoOJPU2U,Moynihan,Female,30,N,0.0
kPuyzkwBOK,kPuyzkwBOK,McGloin,Female,30,N,168.5
9xLFks1F,9xLFks1F,Pietzner,Female,40,Y,745.0
jR8RR4xx,jR8RR4xx,Boggas,Female,30,N,0.0
9WnFhqroDFS,9WnFhqroDFS,Delwater,Female,30,N,0.0
MnZlfdHTjz,MnZlfdHTjz,Wollen,Female,50,N,0.0
VlITIvIsHLnC,VlITIvIsHLnC,Trencher,Female,40,N,0.0
sqdbM6iU,sqdbM6iU,Nowland,Female,50,N,0.0
TWXYFAZU,TWXYFAZU,Pirrone,Female,30,N,1150.0
kb1pwjUJ4IX,kb1pwjUJ4IX,Dyett,Female,30,N,0.0
OqGSIlVBoCA,OqGSIlVBoCA,McClune,Female,40,N,0.0
xmpZVu,xmpZVu,Gauford,Male,50,N,1744.0
9sz0VVEkBxX,9sz0VVEkBxX,Gateman,Female,50,N,0.0
bkTOCUiB,bkTOCUiB,Ponder,Female,30,N,0.0
EWqVHSMne5,EWqVHSMne5,Dutchburn,Female,30,N,0.0
Gwy84U,Gwy84U,Imloch,Female,20,N,0.0
peABzQ,peABzQ,Bleiman,Female,30,N,0.0
BxVgKY3AOAk,BxVgKY3AOAk,Krysztowczyk,Female,30,Y,0.0
LMvlccj,LMvlccj,Guisot,Male,50,N,0.0
B67DPaH8,B67DPaH8,Insworth,Female,30,N,730.5
pJ1MbcUdpN,pJ1MbcUdpN,Backson,Male,50,N,0.0
g0TZuZC,g0TZuZC,Hanley,Female,50,N,0.0
djBx8Z,djBx8Z,Feacham,Female,40,N,0.0
Iz4X2YUwQa,Iz4X2YUwQa,Doghartie,Male,50,N,565.0
PI5HxW9YT,PI5HxW9YT,Bolsover,Female,20,N,0.0
meR6JLa7,meR6JLa7,Tabert,Female,30,N,0.0
jmk1rI0UpJK,jmk1rI0UpJK,Cossor,Female,20,N,0.0
7zHEjH,7zHEjH,Andryushin,Female,30,N,1771.5
uKxsGdFjFxp,uKxsGdFjFxp,Abbyss,Female,30,N,0.0
QLSC5Zc,QLSC5Zc,MacKibbon,Female,30,N,0.0
ecAF7XX,ecAF7XX,Mealing,Female,50,N,0.0
Jo9r2D,Jo9r2D,Evemy,Female,40,N,995.0
e1OSLH,e1OSLH,Fairs,Female,40,Y,126.5
ATkfra,ATkfra,Swepstone,Female,30,N,0.0
p8kp7mjCRoe,p8kp7mjCRoe,Ferreira,Male,20,N,3195.0
dRcpgVgGd4,dRcpgVgGd4,Kornas,Female,40,N,0.0
5Lu2vONV,5Lu2vONV,Stutte,Female,40,N,0.0
doikCDi8R,doikCDi8R,Pitchford,Female,50,N,0.0
FmW22vG,FmW22vG,Miell,Male,30,N,0.0
48EVxl3BE2t,48EVxl3BE2t,Manners,Male,20,N,2490.0
0Wjhn0,0Wjhn0,Lauxmann,Female,30,N,0.0
2Np9HAklD3,2Np9HAklD3,Anyon,Female,20,N,460.0
4B5iD7ga8EkU,4B5iD7ga8EkU,Treadgear,Female,20,N,0.0
xcvh5NJdiVXY,xcvh5NJdiVXY,Frowen,Male,50,N,0.0
G2jSl7EG1E,G2jSl7EG1E,Goody,Female,30,N,958.5
caqX9Gguha,caqX9Gguha,Spini,Female,50,N,0.0
EcpAsSjkAu,EcpAsSjkAu,Labusch,Female,50,N,1306.5
QJBq6PivF,QJBq6PivF,McNeigh,Male,30,N,0.0
19b9XvxDjAXN,19b9XvxDjAXN,MacComiskey,Female,50,N,495.0
ukTI236CXr1,ukTI236CXr1,Ginger,Female,20,N,841.5
PeOFTPX,PeOFTPX,Mendenhall,Male,30,N,0.0
K02t3nLY,K02t3nLY,Sands,Female,50,N,0.0
lRN0cFlFl3rK,lRN0cFlFl3rK,Jervois,Female,50,N,0.0
TWjBBFuhXyn,TWjBBFuhXyn,Waiton,Female,20,N,0.0
sfw3TpmmPG5Z,sfw3TpmmPG5Z,Dumsday,Female,40,N,320.0
T9kd2GSe36K,T9kd2GSe36K,Emmerson,Female,30,Y,0.0
tVV3mb2,tVV3mb2,McGuinley,Female,50,N,0.0
ZAQoLx,ZAQoLx,Cansfield,Male,40,N,0.0
9E14QGU5,9E14QGU5,Dadge,Female,30,Y,0.0
sbinB6,sbinB6,Greser,Female,30,N,0.0
6MVwIIWmdRy,6MVwIIWmdRy,Baudin,Male,50,N,2080.0
3B88SbkoZ,3B88SbkoZ,McGinnell,Male,40,N,552.5
3lyYfEeKHF,3lyYfEeKHF,McCloy,Female,40,N,0.0
qqVcgA,qqVcgA,Toyer,Male,30,N,0.0
QeEYTPqUsH7,QeEYTPqUsH7,Oatley,Female,40,N,0.0
5m3Ps7Fbq6,5m3Ps7Fbq6,Colbert,Female,30,N,0.0
xTBxhJhmhFB3,xTBxhJhmhFB3,Ogg,Female,30,N,0.0
SaWtXkBv,SaWtXkBv,Bryant,Male,40,N,0.0
ZdAaFN,ZdAaFN,Crichmer,Female,50,N,0.0
UjyiG6ihBrFd,UjyiG6ihBrFd,Rolf,Male,20,Y,319.0
UxiUTuNQ0,UxiUTuNQ0,Brisse,Male,40,N,0.0
QoEIJqSa,QoEIJqSa,Faint,Male,50,N,0.0
teRnrvY2j,teRnrvY2j,Davenall,Female,40,N,3855.0
obemXf87,obemXf87,Felgat,Female,40,N,0.0
dMdf5p,dMdf5p,Pettett,Male,40,N,0.0
VUo9N38F,VUo9N38F,Davidovici,Female,20,N,0.0
HXKYGIy,HXKYGIy,Beckwith,Female,30,N,0.0
kHMwhgpDcaj,kHMwhgpDcaj,Fradson,Female,40,Y,0.0
YSGbXzDRcZb,YSGbXzDRcZb,McCowan,Male,50,N,0.0
TLj3kdbbWfC,TLj3kdbbWfC,Messam,Female,20,N,0.0
EGRWxxXjo,EGRWxxXjo,Dyzart,Female,30,N,0.0
ZYtFsbTXd,ZYtFsbTXd,Wisson,Male,40,N,0.0
TlcE7wuLje4,TlcE7wuLje4,St. Aubyn,Female,50,N,0.0
2HFuKF,2HFuKF,Leworthy,Female,30,N,0.0
bYCN75,bYCN75,Hindshaw,Female,40,N,340.0
KtjJLa94,KtjJLa94,Tickel,Female,50,N,0.0
hsYSyVrO,hsYSyVrO,Schindler,Female,50,N,0.0
Jyo1qbVWmn,Jyo1qbVWmn,John,Male,30,N,0.0
Vn6KbUkF,Vn6KbUkF,Lipscombe,Male,40,N,0.0
jI8of0K3,jI8of0K3,Wharton,Female,50,N,0.0
J54HlwhrVR0,J54HlwhrVR0,Yeardsley,Male,30,N,0.0
AyaJjq63,AyaJjq63,Grossier,Female,50,N,0.0
uhc0v4fA,uhc0v4fA,Emmert,Female,30,N,0.0
3EXtj7X2Ag,3EXtj7X2Ag,Folonin,Female,50,N,2109.5
5m0l4cj,5m0l4cj,Seago,Female,40,N,0.0
G9bzU2lU,G9bzU2lU,Biasio,Male,50,N,0.0
VLUFUmbt,VLUFUmbt,Schult,Female,30,N,0.0
WdDRnQGNJ9cy,WdDRnQGNJ9cy,Gwalter,Female,30,N,0.0
oIrkVxr,oIrkVxr,Iston,Female,40,N,147.5
CXSmwSV,CXSmwSV,Smedmore,Female,40,N,0.0
xkfI1Iec,xkfI1Iec,Lebang,Female,50,N,505.5
xoSXgWu,xoSXgWu,Doghartie,Female,40,N,0.0
l84s2WSgV2q,l84s2WSgV2q,Ferenc,Female,30,N,400.0
FoPMBKs0s,FoPMBKs0s,Jillis,Female,30,N,1074.5
uEWUqOwcRSo,uEWUqOwcRSo,Haddacks,Male,20,Y,0.0
D1BWDFCH,D1BWDFCH,Dallman,Male,30,N,0.0
Hhm6YW3lVvX,Hhm6YW3lVvX,Blainey,Female,40,N,0.0
BSySTYlwq58,BSySTYlwq58,Eversley,Female,50,N,0.0
SqdzR7G,SqdzR7G,Parfrey,Female,40,N,0.0
cxU2vZRBqq,cxU2vZRBqq,Thaller,Female,40,N,550.5
cOsc2kFRT,cOsc2kFRT,Jiggens,Female,20,N,0.0
TOIzP7dR3is,TOIzP7dR3is,Bickerstasse,Female,40,N,0.0
dZu8cnt,dZu8cnt,Tremethack,Female,50,N,0.0
UG09NPuWo,UG09NPuWo,Lyffe,Female,50,N,0.0
HxixCg,HxixCg,Baddow,Female,30,N,125.0
tBBmKJpORsp,tBBmKJpORsp,Rennie,Female,40,N,0.0
2tJmiPk8r2v,2tJmiPk8r2v,Noury,Female,40,N,0.0
Gw4vNgRYq,Gw4vNgRYq,Koene,Female,30,N,0.0
6xS5BFOa6nx,6xS5BFOa6nx,Lippini,Male,40,N,0.0
OeSt8U8n,OeSt8U8n,Bolderson,Female,30,N,0.0
97rhTNcv05,97rhTNcv05,Muckley,Male,30,N,0.0
0E5DtX4umt7,0E5DtX4umt7,Haruard,Female,30,Y,0.0
sFRVwGHF,sFRVwGHF,Seleway,Female,30,N,0.0
q1pJfLBlVgq,q1pJfLBlVgq,Galley,Female,40,N,585.0
QdKQGuLMakYh,QdKQGuLMakYh,Wilden,Female,30,Y,0.0
YEsE3CkB,YEsE3CkB,Bestman,Female,30,Y,0.0
icYZzuI,icYZzuI,Casaro,Male,40,Y,0.0
ynrENsRoeq,ynrENsRoeq,Haysey,Female,50,N,895.0
Nk6FYRoDd,Nk6FYRoDd,Wylie,Male,30,N,0.0
tySYot,tySYot,Killingsworth,Male,40,N,0.0
Hd0CrQ,Hd0CrQ,Ruffle,Female,50,N,0.0
TsTjSd3BoPYt,TsTjSd3BoPYt,Dolphin,Female,50,N,0.0
rJO0CRMxK,rJO0CRMxK,Placido,Female,20,N,0.0
Jac2rwryU,Jac2rwryU,Oxtaby,Male,50,N,0.0
Mzn4fLh,Mzn4fLh,Leathem,Female,30,N,0.0
pcAG3CPVWVL,pcAG3CPVWVL,Skellern,Male,30,Y,0.0
F3lKs86RAtP,F3lKs86RAtP,Twydell,Female,20,N,0.0
dsEWF8,dsEWF8,Penson,Female,30,Y,0.0
j1bFMlIZbu,j1bFMlIZbu,Greenin,Female,50,N,0.0
UMuIvoZpp5C,UMuIvoZpp5C,Rihosek,Female,20,N,0.0
KstsyTHonmYU,KstsyTHonmYU,Burgen,Female,30,Y,3349.0
6Jafcuv,6Jafcuv,Brando,Female,30,N,0.0
fotQoC,fotQoC,Witchard,Male,50,N,0.0
sH14my,sH14my,Londors,Male,40,N,0.0
AH01h0w,AH01h0w,Doore,Female,50,N,0.0
hJboOoN,hJboOoN,Pifford,Male,20,N,689.0
Bx6D11,Bx6D11,O'Mara,Female,30,N,444.0
mLpyMpXp,mLpyMpXp,Ackhurst,Female,30,N,0.0
zYSe4e2GZnL,zYSe4e2GZnL,Cassel,Female,30,N,899.0
o7Ndie,o7Ndie,Attard,Female,20,Y,0.0
JwfpF0z5,JwfpF0z5,Caneo,Female,40,N,0.0
186oz5,186oz5,Loachhead,Female,50,N,0.0
vVo1RM,vVo1RM,Newburn,Male,40,N,0.0
ibmyPdp,ibmyPdp,Momery,Female,50,N,0.0
Abuj1hqkGF,Abuj1hqkGF,Baines,Female,30,Y,0.0
mzVcCpLVFX,mzVcCpLVFX,China,Female,50,N,0.0
LxZPfm,LxZPfm,Dantesia,Female,50,N,440.0
aOiXlYw6,aOiXlYw6,Posen,Female,30,N,194.5
ynEn9RNu,ynEn9RNu,Dumberell,Female,20,N,0.0
8WN61kPUMM3,8WN61kPUMM3,Burchett,Female,40,N,0.0
gAtD8NrrEs,gAtD8NrrEs,Hanway,Female,40,N,0.0
H5kVzveR,H5kVzveR,Leftwich,Female,20,N,0.0
apMoFQ2Q59,apMoFQ2Q59,Dingate,Male,40,N,0.0
EiObx7SEs,EiObx7SEs,Rodson,Female,30,N,0.0
nhFmCLRGuAqA,nhFmCLRGuAqA,Dayley,Female,20,N,0.0
MKtUeDzV,MKtUeDzV,Btham,Female,50,N,0.0
CeZex3sIr3u,CeZex3sIr3u,Byrcher,Female,30,Y,395.0
xqUhAz1FW6,xqUhAz1FW6,Malek,Male,40,N,0.0
FgXwN1yV,FgXwN1yV,Newbery,Male,30,N,0.0
fqzUho9qyW,fqzUho9qyW,Maher,Female,20,N,505.5
HaIPvM,HaIPvM,Martynikhin,Male,40,N,0.0
qKNsRqFRExCM,qKNsRqFRExCM,Meachan,Male,20,N,0.0
Llfjxaro7a,Llfjxaro7a,Audenis,Male,40,N,0.0
eDzsM3dvmC,eDzsM3dvmC,Gerish,Female,50,N,190.0
4xr68lFPCk,4xr68lFPCk,Broady,Female,50,N,545.0
6dQBkHzP6lNA,6dQBkHzP6lNA,Poli,Female,40,N,0.0
2cZtUMQJdp,2cZtUMQJdp,Rorke,Female,30,Y,0.0
A6z28xx,A6z28xx,Berendsen,Female,50,Y,0.0
SAJAqqtBImc,SAJAqqtBImc,Worcs,Female,50,N,0.0
DuU9Ykbnq,DuU9Ykbnq,Pidgin,Female,20,N,2438.0
fQ7EBj3W,fQ7EBj3W,Rodenhurst,Male,30,N,0.0
zVImZPadkotd,zVImZPadkotd,Jablonski,Female,30,N,435.0
2Nzw3M,2Nzw3M,Piggott,Female,50,N,0.0
eH8GFNgLCZd,eH8GFNgLCZd,McNaughton,Female,40,N,0.0
Fl8kFmXzOpd2,Fl8kFmXzOpd2,M'Quharg,Female,20,N,475.0
Tth2e8XPqh,Tth2e8XPqh,Petegrew,Female,30,N,0.0
9boScB,9boScB,Rawstorne,Female,40,N,1120.5
1eYMhikEKRw,1eYMhikEKRw,Spray,Female,30,Y,0.0
W3mEOQ,W3mEOQ,Leas,Male,40,Y,0.0
3c4Cfnh6,3c4Cfnh6,Nibley,Female,30,N,0.0
wNl6zSCywx,wNl6zSCywx,Lyste,Male,30,N,0.0
PEJpMf,PEJpMf,Avramovic,Female,30,N,0.0
PxGTozWB,PxGTozWB,Ferrarini,Female,50,N,0.0
j18dbD4Mn9oU,j18dbD4Mn9oU,Stapleton,Female,30,N,1875.0
ECMTJR,ECMTJR,Baniard,Female,30,N,0.0
PRE41meOyIUv,PRE41meOyIUv,Mughal,Male,20,N,0.0
cyxcGrI2,cyxcGrI2,Brisker,Female,40,N,625.0
oZiK7MiZF0Kk,oZiK7MiZF0Kk,Permain,Female,20,N,0.0
CNVD276FO,CNVD276FO,Sayton,Female,50,N,0.0
5xBvpa,5xBvpa,Littlejohn,Male,40,N,374.0
djxy6Bs,djxy6Bs,Goodrick,Male,30,N,0.0
iXxtJD,iXxtJD,Babb,Female,30,N,0.0
THKcFZU2buV,THKcFZU2buV,Sweetmore,Female,30,N,0.0
Nehp6VGNt4,Nehp6VGNt4,Seegar,Female,40,N,245.0
fAGsqz2,fAGsqz2,Summerell,Male,20,N,0.0
myiKjiMUuZ,myiKjiMUuZ,Barchrameev,Female,30,N,0.0
Ow0pIwZmp,Ow0pIwZmp,Beininck,Female,50,N,0.0
98QLsB23,98QLsB23,Davydzenko,Female,40,N,0.0
MUvoHUJ,MUvoHUJ,Dunkinson,Male,30,N,0.0
eCUYtPOHw,eCUYtPOHw,Stoeckle,Female,30,N,1322.5
LEMAnyJ5DBK,LEMAnyJ5DBK,Adie,Female,40,N,0.0
b9McYOqsVJe,b9McYOqsVJe,Alanbrooke,Female,50,N,0.0
xWh0NWr,xWh0NWr,Chang,Female,40,N,0.0
pGPD4jin3wm,pGPD4jin3wm,Bleacher,Female,30,N,0.0
6QIjKLY,6QIjKLY,Colaton,Male,40,N,1750.0
NqfhBqfC,NqfhBqfC,Sute,Female,50,N,2013.5
08QhrW,08QhrW,Dalgetty,Male,40,N,0.0
JlRhkKPFcbB,JlRhkKPFcbB,Tenniswood,Male,40,N,0.0
KV3F8jv3xj,KV3F8jv3xj,Friel,Male,30,Y,395.0
iPWhqik,iPWhqik,Buntin,Female,50,N,0.0
X2I7SZ3y9m,X2I7SZ3y9m,Tomkinson,Female,50,N,0.0
UmvBvIxB,UmvBvIxB,Habergham,Female,30,N,0.0
J2UbB01CN,J2UbB01CN,Mote,Female,50,N,0.0
KC0V6x7gzLHU,KC0V6x7gzLHU,Rodinger,Female,20,N,0.0
fLfchilH,fLfchilH,Dimond,Female,40,N,0.0
1N9vbit,1N9vbit,Adao,Female,30,N,0.0
ul0Hq9mY,ul0Hq9mY,MacGruer,Female,30,N,435.0
IvaTTizbFJ,IvaTTizbFJ,Delmage,Female,40,N,0.0
QQlNIWiCayc,QQlNIWiCayc,O'Lochan,Female,30,N,0.0
QgLmNyM,QgLmNyM,Teggin,Female,30,N,495.0
y1qrbP4RRcvD,y1qrbP4RRcvD,Tieraney,Female,30,N,4920.0
5hHgeXulI,5hHgeXulI,Fassbender,Male,30,N,0.0
oXUaHJON,oXUaHJON,Baccup,Female,20,Y,247.0
I0deulMjFFZp,I0deulMjFFZp,Gurrado,Male,30,N,0.0
phlzJe,phlzJe,Eaglen,Female,40,N,0.0
UV7ovR4,UV7ovR4,Mayzes,Female,50,N,0.0
RrKn1t17dZ2d,RrKn1t17dZ2d,Barenskie,Female,30,N,0.0
2xUBWjAk,2xUBWjAk,Lingley,Female,20,N,0.0
yIbzkEln37,yIbzkEln37,Baddiley,Male,30,N,0.0
akDNicjpg,akDNicjpg,Caldeyroux,Male,30,N,0.0
KTEiX2jRfxk,KTEiX2jRfxk,Olivo,Female,50,N,0.0
chKtmt,chKtmt,McCrillis,Male,40,N,1930.5
DSFE1EJT5xh,DSFE1EJT5xh,Cotherill,Female,30,N,0.0
KKcwxT,KKcwxT,Turnor,Female,30,N,1008.0
6YDXs6sIFXMs,6YDXs6sIFXMs,Gocher,Male,30,N,0.0
wLfOAw4,wLfOAw4,Glasser,Female,50,N,524.0
C9Spo8,C9Spo8,Spriggen,Male,30,N,2088.0
yO0Jxoc4,yO0Jxoc4,Rosenstengel,Female,30,N,0.0
3BpJOQkLrNRs,3BpJOQkLrNRs,Madden,Male,50,N,0.0
jSIdO6g,jSIdO6g,Bernhardi,Female,50,N,0.0
ThweNIh9B,ThweNIh9B,Whitehorne,Female,40,N,475.0
6z9M9j2HJPKW,6z9M9j2HJPKW,Shah,Female,40,N,0.0
q0gQM3u,q0gQM3u,Rudland,Female,30,N,0.0
Ar9C7hB,Ar9C7hB,Baiyle,Female,30,N,0.0
E5DdyoXs3Y,E5DdyoXs3Y,Zealy,Male,30,N,0.0
aA1Wji,aA1Wji,Bullar,Female,40,N,0.0
59KFz6w,59KFz6w,Edens,Female,30,N,0.0
UwcMJAOpEUEo,UwcMJAOpEUEo,Kenforth,Male,50,N,926.5
KBXulrfk,KBXulrfk,Robley,Male,40,N,585.0
cTBGMmKx5WOx,cTBGMmKx5WOx,Yalden,Female,30,N,0.0
OPCMmLp2ekR,OPCMmLp2ekR,Caddie,Female,20,N,0.0
B8twVBG78DEO,B8twVBG78DEO,Scholig,Male,20,Y,0.0
pvxOlRpW,pvxOlRpW,Korn,Female,30,N,1599.5
lJzWMcbtnma,lJzWMcbtnma,Avrahamoff,Female,50,N,0.0
B9gPIEra,B9gPIEra,Fosdick,Male,40,N,0.0
t4SZXRNLp,t4SZXRNLp,Mendus,Female,30,N,4145.0
SbnygQ,SbnygQ,Priddey,Female,30,N,2027.5
XtkVEYi,XtkVEYi,Trinder,Male,20,N,925.0
HvIvGXLt,HvIvGXLt,Morcomb,Female,40,N,0.0
2gsXmRkr7,2gsXmRkr7,Southard,Male,40,N,0.0
E2XnvDMgzQKJ,E2XnvDMgzQKJ,Burg,Female,40,N,860.0
ioHQCJbnLR,ioHQCJbnLR,Freak,Female,50,N,0.0
jaEWNKJf9D2,jaEWNKJf9D2,Spofford,Male,30,N,696.0
pUs5Sj,pUs5Sj,Dunridge,Female,40,N,0.0
IoQ2gd,IoQ2gd,Aish,Female,30,N,0.0
LGWlvyd9,LGWlvyd9,Duiged,Female,40,N,0.0
CyDNAqXb65,CyDNAqXb65,Trenholm,Female,40,N,0.0
u1ZMN7cd,u1ZMN7cd,Gusney,Male,50,N,1895.0
iFuDKl,iFuDKl,Chaffer,Female,30,N,0.0
XLdClBYFC01n,XLdClBYFC01n,Primo,Female,30,N,0.0
khyQ6YGVTZt,khyQ6YGVTZt,Bernolet,Male,40,N,0.0
vzIAEcIikQQ2,vzIAEcIikQQ2,Seals,Female,50,Y,0.0
pl1LJ6,pl1LJ6,Ruhben,Female,50,N,0.0
8cg8bp,8cg8bp,Wolledge,Female,50,N,197.5
aul9dBJJZpw,aul9dBJJZpw,Fairbairn,Female,50,N,0.0
S3pjlb,S3pjlb,Eastby,Male,30,N,995.0
pjlCXlpH,pjlCXlpH,Howard,Female,50,Y,555.0
Wae2jnDDQDMR,Wae2jnDDQDMR,Crampsy,Male,40,N,1140.0
e7rQL8ujv,e7rQL8ujv,Linnell,Female,30,N,0.0
FJuko3jZ1,FJuko3jZ1,Treher,Male,30,N,875.0
dwy5otouwJ,dwy5otouwJ,Cashell,Female,40,Y,1180.0
Q56LGpKDdT,Q56LGpKDdT,Betterton,Female,50,N,0.0
Ei8wORexz7,Ei8wORexz7,Heimann,Male,40,N,0.0
h5tJL8z,h5tJL8z,Pond-Jones,Male,40,N,0.0
qape4rI0wNV,qape4rI0wNV,McIllrick,Female,40,N,0.0
GkyUUuteh2Y,GkyUUuteh2Y,Jean,Female,50,N,249.0
gavcB1,gavcB1,Falkous,Male,30,N,0.0
oynbQdItM,oynbQdItM,Alleyne,Male,30,N,0.0
BaA1vZG,BaA1vZG,Glover,Female,50,N,0.0
2qED0cnv,2qED0cnv,Pluvier,Female,40,N,0.0
5jjZlVQ0yl0,5jjZlVQ0yl0,Desantis,Male,30,N,0.0
jv3r4jfowK,jv3r4jfowK,Tirrell,Female,40,N,950.0
eOfd6CSW,eOfd6CSW,Emmett,Female,30,N,0.0
av7exTB,av7exTB,Gerckens,Female,50,N,0.0
Zb0JPT0zo6jD,Zb0JPT0zo6jD,Gavaran,Female,30,Y,0.0
bw4y94eNW,bw4y94eNW,Janus,Male,20,N,0.0
aeiFUQrwAc,aeiFUQrwAc,Gethyn,Female,30,Y,0.0
L4TmBvpfh,L4TmBvpfh,Chisnell,Female,50,N,1353.0
FyhOP0jHg,FyhOP0jHg,Cheverton,Female,30,N,1750.0
UAbIiyH,UAbIiyH,Dalinder,Male,50,N,978.5
3K3Zaj04zM,3K3Zaj04zM,Kelk,Male,40,N,0.0
8QdcNTAr,8QdcNTAr,Adriano,Female,20,N,0.0
b8gkRbOWa6,b8gkRbOWa6,McCrae,Female,40,N,0.0
KLMNGZOya3fQ,KLMNGZOya3fQ,Waterland,Male,50,N,909.0
kUyWFYJGuAjO,kUyWFYJGuAjO,Leftridge,Female,40,N,0.0
mZtBfsAqh90,mZtBfsAqh90,Zecchii,Male,30,N,0.0
eQ3WWapBgJc,eQ3WWapBgJc,Kimbrey,Female,30,N,645.0
tZbNGy1,tZbNGy1,Bailey,Female,40,N,0.0
65I09AL,65I09AL,McVitty,Female,40,N,0.0
eO9mi8UQDW,eO9mi8UQDW,Doggett,Female,30,N,0.0
urv9psgT3h,urv9psgT3h,Giffaut,Male,30,N,0.0
IrGyqeClQ,IrGyqeClQ,Speere,Female,40,N,1550.0
b4xRTAUSL,b4xRTAUSL,Moston,Male,40,N,126.5
6O2WrHi6h,6O2WrHi6h,Gatfield,Female,30,N,0.0
IGAfVuQ4RKj,IGAfVuQ4RKj,Sargison,Female,40,Y,1411.0
GNTDiV4yIC,GNTDiV4yIC,Medcalfe,Female,30,N,475.0
L71S1S93LMN,L71S1S93LMN,Anthony,Male,40,N,0.0
Nl9Gok,Nl9Gok,Neely,Female,30,N,149.0
YXWjvn0S,YXWjvn0S,Putterill,Female,30,Y,0.0
T7vFMjP7hNoy,T7vFMjP7hNoy,Syson,Female,30,N,0.0
G3QYVuQB8yU,G3QYVuQB8yU,Bowell,Female,30,N,98.0
wiUl6W1Jf4,wiUl6W1Jf4,Loosmore,Male,50,N,0.0
8mKH3Ppcs,8mKH3Ppcs,Gianuzzi,Male,40,N,1550.0
gKelQgaRgat,gKelQgaRgat,Kilmaster,Female,40,Y,0.0
mYLyVuPQrmuH,mYLyVuPQrmuH,Faucett,Female,30,N,0.0
g64k0K,g64k0K,Blunn,Female,30,N,0.0
1aAGPel,1aAGPel,Carine,Male,30,N,0.0
4JgeoxC0pU,4JgeoxC0pU,Kibbe,Female,30,N,0.0
2qn3QKcvg,2qn3QKcvg,Elcombe,Male,30,Y,0.0
D9GqixOUs,D9GqixOUs,Giannazzi,Male,20,N,0.0
Ylarixb1FI,Ylarixb1FI,Charopen,Male,20,N,190.0
vOZk4tM,vOZk4tM,Tilley,Female,40,N,0.0
huCXtuXRU,huCXtuXRU,Pavyer,Male,30,N,1120.5
N6VBB3wLcqp,N6VBB3wLcqp,Nend,Female,40,N,0.0
KwtNpZmb9x,KwtNpZmb9x,Espie,Female,20,N,2640.0
CHiQPs,CHiQPs,Bough,Female,30,N,0.0
N1N7IVSCCLr,N1N7IVSCCLr,Coultous,Male,30,N,1550.0
h1VDHhVUp,h1VDHhVUp,Aldine,Male,50,N,990.0
vJLFzFSIcS,vJLFzFSIcS,Haughian,Male,30,N,0.0
qjSDm8,qjSDm8,Klos,Female,30,Y,0.0
upRLD4g,upRLD4g,Boothroyd,Female,40,N,0.0
dVPsSc,dVPsSc,McVicar,Female,40,N,2435.5
lRK8v1bgsxO,lRK8v1bgsxO,Keddy,Female,20,N,0.0
r12aOITSgv,r12aOITSgv,Bearham,Female,30,N,0.0
EPJZ7TfgC,EPJZ7TfgC,Amaya,Male,20,N,303.0
kYpmQx,kYpmQx,Apple,Female,40,N,0.0
GwpmPsQTVS,GwpmPsQTVS,Phettiplace,Female,20,N,1745.0
T5ELl05,T5ELl05,Rajchert,Female,40,N,0.0
bFu6N1EgAD,bFu6N1EgAD,Simko,Female,50,N,0.0
C4LrVCv,C4LrVCv,MacCallister,Male,50,N,324.5
zai8cMq8FO,zai8cMq8FO,Sautter,Female,30,Y,1745.0
yTHhBWDYat2,yTHhBWDYat2,Billie,Female,40,N,0.0
00h3IkoZ5J,00h3IkoZ5J,Glazzard,Female,40,Y,0.0
FpCYLkeu1B,FpCYLkeu1B,Bertram,Male,40,N,0.0
5QcHGEIi,5QcHGEIi,Pedroni,Female,30,N,0.0
DiDBrXd4,DiDBrXd4,Whyman,Male,50,N,0.0
rIFS1dMc9d,rIFS1dMc9d,Pengilley,Female,50,N,0.0
jbq6kjif,jbq6kjif,Lennard,Male,40,Y,0.0
f3BSZrVIcJB5,f3BSZrVIcJB5,Boseley,Male,40,N,0.0
BYc7ir62nzv,BYc7ir62nzv,FitzGibbon,Male,30,N,0.0
8fLgnanur7Lu,8fLgnanur7Lu,Grinishin,Female,40,N,2895.0
xTQzQuP,xTQzQuP,Marzello,Female,30,N,1100.0
dJ0RqyLWhc8,dJ0RqyLWhc8,Juszczyk,Female,40,N,0.0
ynOQoKXnl,ynOQoKXnl,Robe,Male,30,N,249.0
vnyCHcN8,vnyCHcN8,Dowty,Female,30,N,1744.0
lA1g3pFdJa,lA1g3pFdJa,Jerdein,Female,40,N,0.0
pvQKuPG,pvQKuPG,Saunper,Female,30,N,0.0
1VFh585xs,1VFh585xs,Guihen,Male,30,Y,0.0
hlKEySK,hlKEySK,Gantzer,Female,30,N,660.0
ixtZIh6,ixtZIh6,Rushforth,Female,20,Y,0.0
B6lEGGf8,B6lEGGf8,Gothup,Female,30,N,0.0
qVK5dz2CXL,qVK5dz2CXL,Diviny,Female,40,N,0.0
K3TBrspdHnp,K3TBrspdHnp,Formoy,Female,40,N,1195.0
3rXWViZ3Xx6t,3rXWViZ3Xx6t,Snooks,Female,40,N,0.0
WxnNhpA,WxnNhpA,Olivier,Female,40,N,0.0
R2wLysUu,R2wLysUu,Speare,Female,30,N,725.0
gQhTed1iSW,gQhTed1iSW,Eaglestone,Male,40,N,0.0
hMXe4S1qDy,hMXe4S1qDy,Gotts,Male,30,N,0.0
ehiaDazYX,ehiaDazYX,Swires,Female,30,N,0.0
TsKwr0x,TsKwr0x,Grebert,Female,40,N,0.0
KfAhZSLce,KfAhZSLce,Alpine,Female,40,N,2135.0
i0pPytO4,i0pPytO4,Longmaid,Male,30,N,0.0
8OEwIvKR,8OEwIvKR,Ahrend,Male,40,N,0.0
A5ETnlFmxYm,A5ETnlFmxYm,Stride,Female,40,N,0.0
CsKNxR7S44c,CsKNxR7S44c,Voysey,Female,50,N,0.0
FP9aUW3r,FP9aUW3r,Causer,Female,50,N,0.0
HnpY5EgxzG,HnpY5EgxzG,Dulson,Male,30,N,0.0
v9sS4d,v9sS4d,Dunsire,Male,30,N,0.0
v7gMyawj0Oh,v7gMyawj0Oh,Alvarado,Female,30,N,0.0
w0tcRF8vo7bu,w0tcRF8vo7bu,Gioani,Male,50,N,0.0
RnCZ20Ik7U,RnCZ20Ik7U,Arling,Female,30,N,0.0
oGn3dYKwj,oGn3dYKwj,McCourt,Female,30,N,0.0
RUs0MQrP,RUs0MQrP,Burgett,Female,30,N,0.0
wwszfaEiFY,wwszfaEiFY,Dalligan,Female,40,N,0.0
CQtUsdTT3t,CQtUsdTT3t,Channing,Female,30,N,0.0
PRRDLTyp,PRRDLTyp,Stathor,Female,40,N,0.0
IxcOTk25LB,IxcOTk25LB,Ballingal,Male,40,N,0.0
ShVttEZNb,ShVttEZNb,Surmeyers,Female,30,N,0.0
p1TiPb2,p1TiPb2,Grindlay,Female,50,Y,340.0
lkBhOEHC,lkBhOEHC,Powland,Female,40,N,695.0
yA0zk0i,yA0zk0i,Garroch,Female,50,N,0.0
ypFgQDLVabX7,ypFgQDLVabX7,Beddow,Female,50,N,0.0
vr7pDbkCoRF,vr7pDbkCoRF,Greene,Female,30,N,0.0
ExZtJF5ohV,ExZtJF5ohV,Sawell,Female,40,N,1000.0
Kkm3Z01i4j,Kkm3Z01i4j,Corpes,Female,30,N,0.0
E4pNyyZ550,E4pNyyZ550,Cavet,Male,30,N,0.0
BdAgTpPE8A,BdAgTpPE8A,Grasner,Female,40,N,0.0
EgtU8xUdH,EgtU8xUdH,McGrail,Male,30,N,0.0
DZTUJIwlJCdg,DZTUJIwlJCdg,Maccrea,Male,30,N,0.0
HrzOCRGoPul9,HrzOCRGoPul9,Naish,Male,40,N,1039.5
DuqDLWs,DuqDLWs,Coard,Female,30,N,0.0
ZWIJP7,ZWIJP7,Selesnick,Female,40,N,0.0
U9Dh3PM4drs,U9Dh3PM4drs,Piddick,Female,40,N,0.0
f8u1YW,f8u1YW,Treslove,Male,50,N,779.0
c3MqqijlArHy,c3MqqijlArHy,Mixworthy,Female,30,N,0.0
k51OTPztHPRy,k51OTPztHPRy,Cumberbatch,Female,50,N,0.0
qeeKKX,qeeKKX,Hayhurst,Male,50,N,0.0
7LjxlL,7LjxlL,Capelow,Male,30,N,0.0
pqI7npa,pqI7npa,Pelzer,Male,40,N,841.5
ZvaHIV,ZvaHIV,Denk,Female,30,N,0.0
5et7W1USdQd,5et7W1USdQd,Schrei,Female,50,N,0.0
4ver0dRDidm3,4ver0dRDidm3,Polotti,Female,30,N,2675.0
3nPVD1xxc,3nPVD1xxc,Kellett,Male,40,N,0.0
rbue3io,rbue3io,Town,Female,50,N,0.0
5w9NCM0j,5w9NCM0j,Stracey,Female,40,Y,0.0
sU9mkj4lq59c,sU9mkj4lq59c,Boteman,Male,50,N,0.0
SAtRkdVUVp,SAtRkdVUVp,Riste,Male,50,N,0.0
5qNXNH,5qNXNH,Able,Female,30,N,0.0
Cu1pnQnie,Cu1pnQnie,Dudhill,Female,50,N,0.0
K4I58HPcoGQ,K4I58HPcoGQ,Alessandrelli,Female,20,N,0.0
g9UuNR,g9UuNR,Baldrey,Female,30,N,5040.0
ceoBviMh0IiI,ceoBviMh0IiI,Spelsbury,Female,40,N,645.0
9XGSWNu,9XGSWNu,La Torre,Female,50,N,1629.0
K0ddmDLVwl,K0ddmDLVwl,Cotta,Female,40,N,0.0
o8Cy5Yti8Vx,o8Cy5Yti8Vx,Jedrzejewski,Male,30,N,275.0
yvDJkGFXXK3,yvDJkGFXXK3,Carnow,Female,30,N,0.0
cmWcurMLe,cmWcurMLe,Burchard,Female,50,N,1140.0
lIxPdVNZu,lIxPdVNZu,Radbourne,Male,50,N,0.0
EhKm4p2CXQBp,EhKm4p2CXQBp,Emig,Female,30,Y,0.0
79uhrafqWu,79uhrafqWu,Bewfield,Female,50,N,595.0
NGRbRWY,NGRbRWY,Hurst,Female,40,N,0.0
GrHhKQatPj,GrHhKQatPj,Ilive,Female,30,N,1175.0
Af6tAb8G1s,Af6tAb8G1s,Top,Female,50,N,2761.0
0LPjkvnEl,0LPjkvnEl,Wilsee,Female,50,Y,0.0
oOwK98RQ,oOwK98RQ,Silliman,Male,30,N,0.0
emt55X,emt55X,Newbold,Female,40,N,1195.0
3zMI98u,3zMI98u,Polk,Female,30,N,0.0
z3gksL,z3gksL,Placide,Female,30,N,2438.0
8yhzFEBv,8yhzFEBv,MacEveley,Male,50,N,0.0
kWEDwt,kWEDwt,Tidmas,Male,30,Y,0.0
ZyPvnEKCCJVT,ZyPvnEKCCJVT,Archbutt,Male,40,N,7013.5
50CBdR8H,50CBdR8H,Smitham,Female,50,N,0.0
8Q2v6mFarErt,8Q2v6mFarErt,Ayrton,Female,40,N,0.0
wkppZx6EX,wkppZx6EX,Llewelyn,Female,50,N,0.0
v3JYRFiSGvU,v3JYRFiSGvU,Fulep,Female,40,N,0.0
q1LcJKfsOoAR,q1LcJKfsOoAR,Tuckwell,Female,40,N,0.0
nTgOYh5Fhi70,nTgOYh5Fhi70,Boyn,Male,40,N,0.0
UjCPYlg,UjCPYlg,Kynaston,Female,50,N,0.0
BOn6NxcoIGs,BOn6NxcoIGs,Sidsaff,Female,40,N,0.0
MhZ0Zv,MhZ0Zv,Lile,Female,30,N,0.0
Em2w1Pbs,Em2w1Pbs,Weatherell,Male,30,N,0.0
n46gVKw7fp,n46gVKw7fp,Glennard,Female,40,N,0.0
4H7kF0h,4H7kF0h,Pfeffel,Male,50,N,0.0
pNcmPXo9AP,pNcmPXo9AP,Coiley,Male,50,N,0.0
sviM4Pif,sviM4Pif,Schooley,Male,40,N,1050.0
MlNKz2fz5t0,MlNKz2fz5t0,Thackston,Female,20,N,1124.0
qqFlHf,qqFlHf,Sexten,Male,50,N,0.0
VglqKv36,VglqKv36,Whyffen,Male,40,N,135.0
0jVRR6InRw,0jVRR6InRw,Towsey,Male,50,N,0.0
FLAKVA0,FLAKVA0,Kinch,Female,30,N,0.0
YO352D3,YO352D3,Sambrok,Female,30,N,0.0
63UMFl,63UMFl,Boxer,Female,50,N,138.0
iaX9Zymc,iaX9Zymc,Eberle,Female,50,N,0.0
IJGsoe705PrI,IJGsoe705PrI,Gusticke,Male,30,N,449.5
j8vw7Ylq2YjD,j8vw7Ylq2YjD,Chilley,Female,40,N,0.0
iTi51KA,iTi51KA,Baston,Male,30,N,0.0
HeF12dqcsT,HeF12dqcsT,Gunther,Female,30,N,0.0
TmMKYvumyfK,TmMKYvumyfK,Bramont,Female,30,Y,0.0
PWA43g3Xji,PWA43g3Xji,Housegoe,Female,30,N,0.0
kJ4cU9x,kJ4cU9x,Kilbey,Male,50,N,0.0
yE3nwIJ,yE3nwIJ,Tolemache,Female,30,Y,797.5
NYvlb2t,NYvlb2t,Spread,Female,40,N,0.0
djD7EldH,djD7EldH,McWhannel,Female,50,N,0.0
T6cxzKCXD,T6cxzKCXD,Leare,Female,30,N,0.0
3YQ8kKaJJ1XQ,3YQ8kKaJJ1XQ,Kaszper,Female,30,N,0.0
d2e4COqs,d2e4COqs,Borgne,Male,40,N,0.0
liKGE2P,liKGE2P,Sapp,Female,30,N,0.0
DPNArSi,DPNArSi,Harsent,Male,20,N,320.0
vNMxAE1Ca7Ct,vNMxAE1Ca7Ct,Pavel,Female,30,N,1875.0
IApdbU,IApdbU,Dyers,Female,20,N,300.0
DpvtO2jz,DpvtO2jz,Dallmann,Female,50,N,4900.0
aeOBnHoaL,aeOBnHoaL,Maffioletti,Female,30,N,3044.5
aTDuPgyLjbl,aTDuPgyLjbl,Saynor,Female,50,Y,0.0
gESR6D3rC0Yq,gESR6D3rC0Yq,Deares,Female,50,N,2328.2
haBSl4VhHjfU,haBSl4VhHjfU,Risson,Female,30,N,3195.0
6dwJBm,6dwJBm,Sindall,Male,30,N,0.0
2DUmZxO,2DUmZxO,Mellonby,Male,40,N,0.0
O5TObNvn,O5TObNvn,Aizikovitz,Female,50,N,0.0
Yny3FUW5wu80,Yny3FUW5wu80,Akester,Female,50,N,0.0
5bygi4MV3,5bygi4MV3,Jancic,Female,30,N,0.0
G1YvRk6EWJAc,G1YvRk6EWJAc,Ruckledge,Female,50,N,0.0
6UF5O4Xr,6UF5O4Xr,Karlqvist,Male,30,N,0.0
N4pGAhzO,N4pGAhzO,Moro,Female,30,N,0.0
sXgly1Gk,sXgly1Gk,Cronk,Male,50,N,655.5
Jbyosjn,Jbyosjn,Gremain,Female,30,N,0.0
cEOogZ9SOSg,cEOogZ9SOSg,Larcombe,Female,50,Y,0.0
Xy0t8toJARln,Xy0t8toJARln,Von Brook,Male,30,N,0.0
oZkYIYzoULe,oZkYIYzoULe,Usherwood,Female,30,N,0.0
DYyvZLCPq,DYyvZLCPq,Boutellier,Female,50,N,0.0
MxwLiLy,MxwLiLy,Molden,Female,50,N,0.0
0PRrgLsI5Bk,0PRrgLsI5Bk,Marzellano,Female,50,N,0.0
mnpDI2wlkO,mnpDI2wlkO,Packe,Male,20,N,0.0
3YOsylSfOYz,3YOsylSfOYz,Beldum,Female,30,N,0.0
4FchJh3,4FchJh3,Stearn,Female,30,N,0.0
FoO4S2p,FoO4S2p,Creighton,Female,30,N,138.0
TFiAnq,TFiAnq,Hardingham,Male,50,N,0.0
nD6w68BqWa,nD6w68BqWa,Breinlein,Male,30,N,0.0
XXC7Tr2lvto,XXC7Tr2lvto,Antoinet,Female,30,N,0.0
CkJXFDQ,CkJXFDQ,Cremer,Male,30,N,0.0
d6GEXJUe9FG,d6GEXJUe9FG,Ellwell,Female,20,N,0.0
LuNfhV,LuNfhV,Tennison,Female,40,N,0.0
Gw6NMd,Gw6NMd,Bahls,Male,50,N,645.0
G12smLmyhB,G12smLmyhB,Zmitruk,Female,40,N,0.0
ACgbsuWnB,ACgbsuWnB,Quiddinton,Female,40,N,0.0
UfblnPgV7T,UfblnPgV7T,Sexty,Male,40,N,0.0
1cLGXMzm4b,1cLGXMzm4b,Delamere,Female,40,N,0.0
BivQ3W9n,BivQ3W9n,Millar,Female,40,N,0.0
iuHOy2qKvz8D,iuHOy2qKvz8D,Krahl,Female,30,N,0.0
mrCdvBj5n,mrCdvBj5n,Martinson,Male,40,N,0.0
WmYH7rqQZ,WmYH7rqQZ,Chamney,Female,50,N,0.0
bKPknNG,bKPknNG,Madelin,Female,40,Y,505.5
i7onrxV5el5,i7onrxV5el5,Latchford,Male,30,N,0.0
QcBBHoHieg,QcBBHoHieg,Kitson,Female,20,N,0.0
tK6Fzg,tK6Fzg,Johananoff,Female,30,N,0.0
kpoHMYlM,kpoHMYlM,Drury,Female,50,N,529.0
BzOcoK5CDd,BzOcoK5CDd,Oolahan,Female,50,N,0.0
s5WO6Q,s5WO6Q,Domenichini,Male,30,N,0.0
56G352l,56G352l,Jeremiah,Male,40,N,1975.0
r47S5S,r47S5S,Karolyi,Female,40,N,405.5
peZzcsKf7,peZzcsKf7,Bohey,Male,40,N,0.0
IYgNcxd,IYgNcxd,Arminger,Male,20,N,1445.0
NEE8bNf9q,NEE8bNf9q,Whate,Male,30,N,0.0
4zW9Ikx,4zW9Ikx,Sherrocks,Female,50,N,0.0
YtFUXJxoQ,YtFUXJxoQ,Kennard,Female,50,Y,0.0
FgqUfzva,FgqUfzva,Colnett,Female,40,N,0.0
ojqNMz0e90,ojqNMz0e90,Cowern,Male,30,N,0.0
sNeRTQg5n1fT,sNeRTQg5n1fT,Einchcombe,Female,40,N,0.0
DDgJ2vkVtIt,DDgJ2vkVtIt,Micheli,Female,50,N,0.0
r8MVb97wX,r8MVb97wX,Spurgeon,Male,30,N,0.0
Mnie73,Mnie73,Rothera,Female,30,N,230.0
zultwuVsE54u,zultwuVsE54u,Rubke,Female,30,N,0.0
NsOUa8,NsOUa8,Raddan,Female,30,N,0.0
1J57bM,1J57bM,Tottem,Female,50,N,0.0
ZA5BStpT,ZA5BStpT,Camelli,Female,50,N,0.0
HUoo2B,HUoo2B,Gleeton,Female,20,N,98.0
ZeUePmC,ZeUePmC,Crackett,Male,30,N,0.0
SFZRgHEm,SFZRgHEm,Sanpher,Female,40,N,0.0
hbv2go,hbv2go,Rown,Male,20,N,0.0
RQpZrANbMcE,RQpZrANbMcE,Ramsbottom,Male,50,N,0.0
BRTy6A,BRTy6A,Bradder,Male,30,N,0.0
Z7bQlQBE0d,Z7bQlQBE0d,Tyre,Male,30,N,340.5
fMFTc39,fMFTc39,Tuohy,Female,20,Y,0.0
gjAVUJrF,gjAVUJrF,Golightly,Female,50,N,190.0
VmMyKmWx,VmMyKmWx,Asel,Female,40,N,0.0
4vMe8sBncsFb,4vMe8sBncsFb,Boullin,Male,50,N,1151.5
dqkeyw,dqkeyw,Episcopi,Female,50,N,0.0
U9ygzhx2v,U9ygzhx2v,Jessup,Female,30,N,0.0
jninLx,jninLx,Daye,Female,40,N,0.0
20AMKBS,20AMKBS,Ramelot,Female,30,N,0.0
gWI41PUpDXul,gWI41PUpDXul,Vondruska,Female,30,N,5985.0
HQy5tsw,HQy5tsw,Flancinbaum,Female,40,Y,2303.0
Qmk2VPBsh,Qmk2VPBsh,Rustman,Female,40,N,835.5
ko56X7NW,ko56X7NW,Siveyer,Male,50,N,395.0
Ouh8vrpEy,Ouh8vrpEy,Tesseyman,Male,40,N,0.0
INoMvsYjq,INoMvsYjq,Beincken,Female,50,N,0.0
KWL96Hi61,KWL96Hi61,MacCart,Male,30,N,0.0
nheXwhxBsG,nheXwhxBsG,Cerro,Female,30,N,1990.0
SY1YmuDl3n,SY1YmuDl3n,Menhenitt,Female,40,N,0.0
ACT00EC,ACT00EC,McClenan,Male,30,N,0.0
dZ1DowlgHSa5,dZ1DowlgHSa5,Gillinghams,Female,30,N,0.0
5raNW6un,5raNW6un,Murrie,Female,50,N,0.0
5kR8qlB8Gd2,5kR8qlB8Gd2,Croal,Male,30,N,2883.5
eehRnpdH,eehRnpdH,Buttress,Male,30,N,0.0
uNvDEc,uNvDEc,Kiddie,Female,50,N,2060.0
35nCloIw7,35nCloIw7,Gorton,Male,30,N,0.0
X0v8XI,X0v8XI,O'Sharry,Male,40,N,0.0
nmVg95Giqn,nmVg95Giqn,Kalisz,Male,30,N,0.0
tfbcr6,tfbcr6,Kibbel,Male,50,N,0.0
iODqscUBuUdL,iODqscUBuUdL,Fishlee,Female,30,N,0.0
LfulBjBsYEN,LfulBjBsYEN,Fransoni,Female,30,N,0.0
VRaFc4jZe04,VRaFc4jZe04,Gebbe,Female,40,N,0.0
wzzxJy,wzzxJy,Eversley,Male,20,Y,0.0
v0ZKvVafooq9,v0ZKvVafooq9,Dumingo,Female,40,N,0.0
fZ4AME0C,fZ4AME0C,Windsor,Male,40,N,0.0
zvfu8Qz7Cfkf,zvfu8Qz7Cfkf,Shirlaw,Female,40,N,841.5
wQLpn474QN,wQLpn474QN,Rigbye,Female,50,N,2050.0
0zeyTGLDzWV,0zeyTGLDzWV,Rintoul,Female,40,N,0.0
n8yeNljQaP,n8yeNljQaP,Aldous,Female,20,N,595.0
QMJwKC,QMJwKC,MacMechan,Male,40,N,0.0
cD66GsALS3,cD66GsALS3,Ivens,Female,30,N,0.0
ZPBXnvHS5,ZPBXnvHS5,Blight,Female,20,N,0.0
n4M07Dyzv,n4M07Dyzv,Artrick,Female,30,N,0.0
WO8sZT,WO8sZT,Druce,Female,30,N,0.0
y7AmM7Ce,y7AmM7Ce,Vannar,Female,30,N,795.0
1xMVP17,1xMVP17,Trazzi,Female,20,N,0.0
rZs1tV5h,rZs1tV5h,Fidgett,Female,30,N,0.0
VKDJrjHUO,VKDJrjHUO,Busfield,Male,30,N,810.0
KCndKxttiAru,KCndKxttiAru,Wavell,Male,30,Y,0.0
ZJ8LA6U,ZJ8LA6U,Rock,Female,50,N,0.0
Xt9nev2VMMD,Xt9nev2VMMD,Kittle,Male,50,N,995.0
MeMizA,MeMizA,Schouthede,Female,50,N,0.0
UXg62XBC6oE,UXg62XBC6oE,Frontczak,Female,20,N,1495.0
xQEoHR4U,xQEoHR4U,Drane,Female,40,N,0.0
BIsV0cl1vEV,BIsV0cl1vEV,Torritti,Male,40,N,0.0
L7nwVVm,L7nwVVm,Fullstone,Female,40,Y,0.0
EKJ22aF,EKJ22aF,Anstead,Female,40,N,0.0
7iMXDLU,7iMXDLU,Cocklin,Female,50,N,1050.0
hh6iVL,hh6iVL,Sealeaf,Female,20,N,0.0
lkocJVMEIS,lkocJVMEIS,Hightown,Male,30,N,0.0
xYiwqbEY,xYiwqbEY,Dunne,Male,30,N,0.0
S9xcLBSaYZFG,S9xcLBSaYZFG,Drohan,Male,40,N,0.0
37BepA,37BepA,Doret,Female,30,N,0.0
WgacSY,WgacSY,Windrum,Female,20,N,0.0
YyzjwC,YyzjwC,Timoney,Female,30,Y,0.0
yMlzCe3o0,yMlzCe3o0,Ellington,Female,50,N,0.0
wbxXwh0PosG,wbxXwh0PosG,Durward,Male,40,N,1058.0
YI9ntq1SE0,YI9ntq1SE0,Bulter,Male,30,N,135.0
qelurd8SuB2,qelurd8SuB2,Goghin,Female,50,Y,0.0
qAGlzP,qAGlzP,Geistmann,Female,20,N,0.0
yEW4Hc,yEW4Hc,Elsie,Male,40,N,0.0
Aa0M1jAcTK,Aa0M1jAcTK,Boothman,Male,50,N,5610.0
yvxpzkRkep,yvxpzkRkep,Ellens,Female,20,N,0.0
p0jLf6qwdfXd,p0jLf6qwdfXd,Dowall,Female,30,N,0.0
9dTsvt6a3q2S,9dTsvt6a3q2S,Swancott,Female,50,N,0.0
lijbJ7n,lijbJ7n,Reason,Female,40,N,0.0
mzM5mpS35,mzM5mpS35,Skillett,Female,40,N,0.0
heIGfUaA,heIGfUaA,Williscroft,Female,30,Y,0.0
d0QbvypusG7d,d0QbvypusG7d,Kiessel,Female,40,N,0.0
3GYc49f,3GYc49f,McLoughlin,Female,30,N,0.0
owndPZl8SGTe,owndPZl8SGTe,Reiglar,Female,50,Y,2883.5
eeJDZesOpvb,eeJDZesOpvb,Colls,Female,30,N,0.0
4qxY90,4qxY90,Leynham,Female,40,N,0.0
D3qqRxcuj9d1,D3qqRxcuj9d1,Spong,Female,50,N,0.0
hX0Xv1L,hX0Xv1L,Curling,Male,30,N,0.0
iQdmUFGEB,iQdmUFGEB,McEllen,Female,30,N,0.0
CQnlsL7lM,CQnlsL7lM,Smartman,Male,30,N,0.0
qdwpK5MhaH,qdwpK5MhaH,Houndsom,Female,30,N,0.0
Q7uoly11,Q7uoly11,Rosenbarg,Female,50,N,0.0
gzDCVv,gzDCVv,Pawelczyk,Female,50,N,955.0
b1ibFoRiD9,b1ibFoRiD9,Dunsmuir,Female,50,N,384.0
MJqUZGqp2,MJqUZGqp2,Liddiatt,Female,30,N,0.0
sRMWGKE3vkbK,sRMWGKE3vkbK,Paolini,Male,50,N,0.0
fNtqFs4,fNtqFs4,Yabsley,Female,20,N,0.0
xtYzxf9iVi,xtYzxf9iVi,Sarre,Female,30,N,495.0
iDtrQZMy,iDtrQZMy,Itzcovich,Male,40,N,0.0
ufNx4bgFMZv,ufNx4bgFMZv,Dunkersley,Female,50,N,0.0
eIdn2U9l,eIdn2U9l,Rusted,Female,50,Y,0.0
vZ8XSxmo,vZ8XSxmo,Piddle,Male,30,N,0.0
kcqXelTrCyS4,kcqXelTrCyS4,Gass,Female,20,N,0.0
5fmoDS8CYUIu,5fmoDS8CYUIu,Pegrum,Male,40,N,0.0
n6V46TlC,n6V46TlC,Oakman,Male,30,Y,0.0
Yz2An5T4RZ,Yz2An5T4RZ,Faloon,Male,50,N,0.0
zhqqVKKI5G,zhqqVKKI5G,Kift,Female,50,N,0.0
mFIhHC,mFIhHC,Gorelli,Male,40,N,0.0
AgsqwPbQ0ks,AgsqwPbQ0ks,Heaton,Female,40,N,0.0
bNcGIDN6xYZ,bNcGIDN6xYZ,Raulstone,Female,40,N,0.0
0sDEXS7V2w,0sDEXS7V2w,Mattioli,Female,30,N,0.0
buJCGFHQ,buJCGFHQ,Emmert,Female,40,N,0.0
FK1tkQXQ0trc,FK1tkQXQ0trc,Ricketts,Female,50,N,0.0
AaJyKAsK,AaJyKAsK,Thody,Female,30,N,0.0
V307MhaWredF,V307MhaWredF,Morrell,Male,50,N,1300.0
O1DWppLihTk,O1DWppLihTk,Edson,Female,30,N,0.0
bLLBK0Ucp58m,bLLBK0Ucp58m,Frankes,Female,50,N,629.0
PYSqI8sGVXN,PYSqI8sGVXN,Fairholme,Female,40,N,445.0
3ToPLd,3ToPLd,Adran,Female,50,N,0.0
afRflKlH5p,afRflKlH5p,Tabor,Male,30,N,0.0
0XDX1169Qo,0XDX1169Qo,Axup,Female,30,N,0.0
lts4Ne8CpPN0,lts4Ne8CpPN0,Archdeacon,Female,30,N,800.0
2QmshM,2QmshM,Greeson,Female,40,N,0.0
ZnDZJs,ZnDZJs,Reiner,Male,30,N,0.0
pe2iuCzK,pe2iuCzK,Arnaud,Female,40,N,0.0
Gxy6NqOJ,Gxy6NqOJ,Quinane,Female,50,N,0.0
ICtaIaVvJ0aw,ICtaIaVvJ0aw,Gales,Male,30,N,0.0
KZIalikcE7zH,KZIalikcE7zH,Yeskin,Female,30,N,2220.0
uxMBnn,uxMBnn,Nealey,Female,30,N,0.0
k5TuV0Bgn,k5TuV0Bgn,Lamberto,Female,50,N,0.0
Zmo7CUMX,Zmo7CUMX,Beldum,Female,30,N,0.0
UDYap8Mzp,UDYap8Mzp,Shacklady,Female,30,N,0.0
5hcEZ3aI,5hcEZ3aI,Basire,Male,40,N,0.0
gecMc2fH,gecMc2fH,Trimble,Female,30,Y,0.0
PXGWaWVAOehV,PXGWaWVAOehV,Yanyushkin,Female,40,N,745.0
1aea9h,1aea9h,Sunter,Female,50,N,0.0
LxaXHw,LxaXHw,Seamon,Female,50,Y,0.0
e8Yk9NqTU,e8Yk9NqTU,Jaggi,Male,40,N,0.0
Hnwpug,Hnwpug,Sheehy,Female,40,N,280.0
b8JQjjrIkP3,b8JQjjrIkP3,Donat,Female,30,N,656.0
IIc4qhiZjPQ,IIc4qhiZjPQ,Blockey,Male,30,N,0.0
mc5BTO,mc5BTO,Korf,Female,20,N,0.0
158GCOAS9,158GCOAS9,Burkett,Male,40,N,0.0
4Mblm7p,4Mblm7p,Wareing,Female,30,N,0.0
RVw4zjl13qK,RVw4zjl13qK,Kinforth,Female,40,N,147.5
tGSbYz,tGSbYz,Calken,Female,20,N,0.0
pcZb176wM,pcZb176wM,O'Hartigan,Male,30,N,0.0
OpwCytDpLf,OpwCytDpLf,Drysdale,Female,30,N,2250.0
IAGOh7,IAGOh7,Jasper,Male,40,N,0.0
zYNRMYH,zYNRMYH,Golder,Female,40,Y,475.0
o9kaOytnL,o9kaOytnL,Whitcomb,Male,40,N,0.0
ibygqVvTj7Xl,ibygqVvTj7Xl,Ealden,Female,30,N,450.0
UnO7rEH,UnO7rEH,Marskell,Female,40,N,0.0
N4renaj,N4renaj,Capes,Male,30,N,0.0
rMLxOKnJ,rMLxOKnJ,Tremain,Male,30,N,145.0
w6gco1k,w6gco1k,Grinley,Female,50,N,745.0
RIjzqMyG4gw,RIjzqMyG4gw,Rozalski,Female,40,N,549.5
0gjvj7,0gjvj7,Winley,Female,30,N,0.0
7GVTsO1,7GVTsO1,Nind,Female,20,N,0.0
zwbNSQiy,zwbNSQiy,Widdowes,Female,50,N,0.0
FJD1BFg6,FJD1BFg6,Cake,Male,20,N,4165.0
auRIqY8d,auRIqY8d,Duggen,Female,40,N,0.0
Sijc3UU,Sijc3UU,McCobb,Female,30,N,980.5
DR2ngM9,DR2ngM9,Puddan,Female,40,N,2155.0
giFbuqbTJ,giFbuqbTJ,Janous,Male,20,N,0.0
bALx9Cq85,bALx9Cq85,Calloway,Female,50,N,0.0
II9ZV6p546,II9ZV6p546,Whife,Female,30,N,0.0
DDPgx9Oiwa,DDPgx9Oiwa,Jirka,Male,40,N,0.0
4QrlEbFpdIU,4QrlEbFpdIU,Pinkney,Female,30,N,0.0
W0dWgs5sn,W0dWgs5sn,Richardot,Female,30,N,0.0
feBbYvpZ,feBbYvpZ,MacKowle,Female,50,N,0.0
FU6CvZ8Towf,FU6CvZ8Towf,Andrick,Male,40,N,0.0
d513QYNtn,d513QYNtn,Dalziel,Female,30,Y,0.0
z1VYsH8C,z1VYsH8C,McLanachan,Male,50,N,1198.0
MJAEHE2iNIF,MJAEHE2iNIF,Bielby,Female,50,Y,0.0
r8aCGOKY,r8aCGOKY,Dollard,Female,40,N,0.0
Gth87U,Gth87U,Conew,Female,40,N,0.0
k5Xf9fH8hv,k5Xf9fH8hv,Itzhaki,Female,30,N,0.0
cWf4Y60H8o5,cWf4Y60H8o5,Celle,Female,40,N,1045.0
Nx2Ozxk9T,Nx2Ozxk9T,Souley,Female,40,N,0.0
xYdufWeYbgAL,xYdufWeYbgAL,Hazley,Female,30,N,0.0
mUcAz84,mUcAz84,Epps,Female,30,N,645.0
3sxoGFCz8t24,3sxoGFCz8t24,Adamiec,Female,50,N,0.0
jhV4vwFE,jhV4vwFE,Iskower,Female,40,N,0.0
ILd4R6PWq,ILd4R6PWq,Geistmann,Female,30,N,0.0
6pxXO7OzQXL,6pxXO7OzQXL,Cowey,Female,30,N,0.0
sXly0m,sXly0m,Erickson,Female,40,N,0.0
20PQRTuPm0yK,20PQRTuPm0yK,Pachta,Male,30,N,0.0
GjR3Vv,GjR3Vv,Gricewood,Female,30,N,0.0
eLcS7w7rZX4,eLcS7w7rZX4,Lineham,Female,40,Y,0.0
85ipXU4EJlR,85ipXU4EJlR,Blindmann,Female,20,N,0.0
qG5rRr,qG5rRr,Moorton,Female,40,N,79.0
cfUK0B,cfUK0B,MacIlriach,Female,40,N,0.0
uHgwcP,uHgwcP,Patillo,Female,40,N,0.0
ZVbKxd5Z5tgX,ZVbKxd5Z5tgX,Gorghetto,Female,30,N,1195.5
i7cRZ0XQ0,i7cRZ0XQ0,Ciobotaru,Female,30,N,2540.5
tVedMDTer,tVedMDTer,Stockwell,Female,20,N,1055.0
35rzwB7b,35rzwB7b,Grimes,Female,30,N,0.0
oSxDT3xal,oSxDT3xal,Ragdale,Male,40,Y,0.0
QTaElzY,QTaElzY,Orts,Female,30,N,0.0
FRN6Ta6XPTnW,FRN6Ta6XPTnW,Croson,Female,40,N,0.0
TdfMRUm,TdfMRUm,Rowlings,Female,30,Y,1975.0
rOqK6x,rOqK6x,Wharby,Female,50,N,0.0
2DmI4i7PO,2DmI4i7PO,Cowlam,Female,50,N,0.0
emcJIG,emcJIG,Dottridge,Female,50,N,0.0
IGiLpjiGRffK,IGiLpjiGRffK,Lortz,Female,50,N,0.0
gxSX6Y2j,gxSX6Y2j,Hawkshaw,Male,30,N,0.0
OtoDThRMgadv,OtoDThRMgadv,Colliber,Male,40,Y,0.0
ulE9yxK,ulE9yxK,Olin,Male,40,N,145.0
rS9lbrz3HP,rS9lbrz3HP,Wilsey,Female,50,N,0.0
0h1NZzl,0h1NZzl,Melby,Female,30,N,0.0
2HeLPQRqTU,2HeLPQRqTU,Mattersey,Female,50,N,529.0
PMoIQAg,PMoIQAg,Borzone,Female,30,N,1800.0
f61NxPzpR7,f61NxPzpR7,Childerhouse,Female,40,N,1300.0
PYrkUU3wgL,PYrkUU3wgL,Tommasuzzi,Female,30,N,174.0
3kpv6TC,3kpv6TC,Hove,Male,30,N,0.0
vDXUD8,vDXUD8,Jakel,Male,50,N,796.5
SRymI00durw,SRymI00durw,Haswall,Female,40,N,0.0
KNjYY6Yf5he2,KNjYY6Yf5he2,Schieferstein,Female,30,N,0.0
6tD7U3I,6tD7U3I,Rollinson,Male,40,N,0.0
0hTXAAdZzP,0hTXAAdZzP,Wainer,Female,40,N,0.0
uREgdO2uWpu,uREgdO2uWpu,Mayling,Male,30,N,0.0
yvYYoKU,yvYYoKU,Kealy,Female,20,N,0.0
o0vCUZGzaZ3,o0vCUZGzaZ3,Goulbourne,Female,50,N,0.0
uXOOAJ1Ryt,uXOOAJ1Ryt,Smithin,Female,30,N,0.0
oToPHFXoT,oToPHFXoT,Pithie,Female,40,Y,0.0
yIOty3ISDcn,yIOty3ISDcn,Easton,Female,50,N,0.0
iUSiVxDxE15V,iUSiVxDxE15V,Manuel,Female,40,N,0.0
QT4HkJ9wd,QT4HkJ9wd,Gamon,Male,40,N,1400.0
fgcXFPQjBc,fgcXFPQjBc,Gilmartin,Female,40,N,0.0
pez4iA41BN,pez4iA41BN,Pettet,Female,40,N,400.0
T81bBYO3,T81bBYO3,Mearing,Female,20,N,0.0
TTwM4gNBqg,TTwM4gNBqg,Picott,Female,30,N,126.5
07R28iXhF,07R28iXhF,Giametti,Female,30,N,0.0
BVvepMN,BVvepMN,Zorzutti,Female,30,N,0.0
3bv4uca,3bv4uca,Ballefant,Female,50,N,0.0
BQ0Ga9Akof,BQ0Ga9Akof,Stammirs,Female,20,Y,0.0
UfofzD4tQ0l,UfofzD4tQ0l,Horick,Female,40,N,0.0
bfHkPhsX,bfHkPhsX,Clubb,Female,20,N,0.0
pPNIksurs,pPNIksurs,Biasotti,Male,50,N,0.0
K1pQicp5eS,K1pQicp5eS,Smallwood,Male,30,Y,0.0
Ddw0Br7LL,Ddw0Br7LL,Kauble,Male,30,N,665.0
Ra99nN5,Ra99nN5,Attride,Male,30,N,374.0
kn7jYG,kn7jYG,Kinnerk,Female,40,N,694.0
aiJ1pQe2,aiJ1pQe2,Horsefield,Female,50,N,0.0
3PCTuN,3PCTuN,Knight,Female,30,N,0.0
xztVpuvSgI,xztVpuvSgI,O'Noland,Female,30,N,0.0
HbOTQEQsGZ,HbOTQEQsGZ,Spradbery,Male,30,Y,132.5
xTs1h98gf,xTs1h98gf,Alti,Female,50,Y,2250.0
6lgyDIhPDlvm,6lgyDIhPDlvm,Wykey,Female,40,N,0.0
euJsZdN,euJsZdN,Froud,Female,20,N,0.0
aSQkAT,aSQkAT,Hughman,Male,30,N,0.0
C03mLBuUM,C03mLBuUM,Collens,Female,20,N,255.0
CGRgp3cc,CGRgp3cc,Norbury,Male,30,N,0.0
5k441z,5k441z,Chatain,Female,50,N,0.0
AmMU7w,AmMU7w,Taylour,Female,20,N,0.0
K1cKKpdj3W,K1cKKpdj3W,Howe,Female,50,N,0.0
kqfEMY0VRRLE,kqfEMY0VRRLE,Semon,Male,20,N,1486.5
6YV8wqsJ29Vv,6YV8wqsJ29Vv,Stannett,Male,30,N,1600.0
BWE3grb6sA,BWE3grb6sA,Breyt,Female,50,N,0.0
SsxYUfv6j,SsxYUfv6j,Staples,Male,50,N,504.0
rIDmLi,rIDmLi,Littlecote,Female,50,Y,1140.0
mX9LoKjV,mX9LoKjV,Collie,Male,30,N,675.0
ISMneH0sj,ISMneH0sj,Duckit,Female,30,N,0.0
OxEjAQlxDGW,OxEjAQlxDGW,Pembry,Male,30,Y,199.0
PgwZHZ3,PgwZHZ3,Yosifov,Female,30,Y,0.0
xpZRhfH5Q,xpZRhfH5Q,Rosas,Female,30,N,0.0
MO4Fk1Ms,MO4Fk1Ms,Top,Female,20,Y,0.0
qRNUpq,qRNUpq,Jarad,Male,30,N,0.0
16uj84G,16uj84G,Gavrieli,Male,50,N,0.0
grD0du,grD0du,Austin,Female,50,N,149.0
0DYYtGkKYvnw,0DYYtGkKYvnw,Andrivot,Female,30,N,0.0
U8lwLHfHK,U8lwLHfHK,De Maria,Female,40,N,0.0
OBn8jXVyX,OBn8jXVyX,Meriot,Female,50,N,958.5
26yZhrSXuOU,26yZhrSXuOU,Hazelby,Female,40,N,0.0
ybciBEWU9ZL,ybciBEWU9ZL,Zoephel,Female,50,N,0.0
CXBaLtCtC,CXBaLtCtC,Nicolls,Male,40,Y,695.0
3Kqd9t,3Kqd9t,Symms,Female,30,N,0.0
7RtvzAvsxE9M,7RtvzAvsxE9M,Pee,Female,30,N,0.0
X91RAAAICF,X91RAAAICF,Colleran,Male,40,N,0.0
eIgULmGklA,eIgULmGklA,Simester,Female,30,N,0.0
xT8VDentI,xT8VDentI,Wattingham,Female,30,N,0.0
TSdgHzbhanR,TSdgHzbhanR,Layburn,Female,40,N,604.2
ki8hbv3k,ki8hbv3k,Keattch,Female,50,N,0.0
XsXF6wt,XsXF6wt,Scritch,Male,40,N,0.0
76NDsL,76NDsL,Lailey,Female,30,N,524.0
D8wwjA26od,D8wwjA26od,Gethin,Male,30,N,0.0
1CC3YrgPfvyw,1CC3YrgPfvyw,Wadlow,Male,30,N,1150.0
Qhw99aE,Qhw99aE,Leyman,Female,30,Y,0.0
MJznYeGp8yv,MJznYeGp8yv,Rupert,Female,20,N,0.0
eheFp1GTuVdg,eheFp1GTuVdg,Vamplers,Female,20,Y,0.0
gDvEOf,gDvEOf,McGrann,Male,30,N,0.0
oWrcCTN4,oWrcCTN4,Adnett,Female,30,N,0.0
v3Uut6WkWf,v3Uut6WkWf,Sailes,Male,30,N,0.0
2GOF6i,2GOF6i,Loddon,Female,50,N,0.0
o6w3MZw6LR,o6w3MZw6LR,Upfold,Male,50,N,1125.0
OOV1px4lN2H,OOV1px4lN2H,Edlestone,Male,30,N,875.0
2dBD4TtC2z,2dBD4TtC2z,Evison,Female,30,N,0.0
yJtNCQi,yJtNCQi,Blasi,Female,40,N,0.0
i9kJ1Lh,i9kJ1Lh,Egan,Female,30,Y,884.25
yoMfIHAP1KT,yoMfIHAP1KT,Pavlenko,Female,30,N,0.0
6WNrlpL,6WNrlpL,Larkings,Male,30,N,595.0
7DrdS0,7DrdS0,Lines,Female,30,N,0.0
Xln5Yl,Xln5Yl,Celes,Female,50,N,0.0
rarqHiBfH2s,rarqHiBfH2s,Winterton,Female,30,N,0.0
4joCc6grgo5g,4joCc6grgo5g,Westhoff,Female,30,N,190.0
j5GQ5PW,j5GQ5PW,Grishunin,Female,30,N,0.0
xdcPm56d,xdcPm56d,Ramiro,Female,30,N,0.0
l6qZG3GUUo,l6qZG3GUUo,Raddish,Female,40,N,0.0
VVKNy4Vo,VVKNy4Vo,Guisler,Female,50,N,0.0
qzYCXM7Up,qzYCXM7Up,Rahill,Male,20,N,882.5
5Rd0QgtI,5Rd0QgtI,Oakwood,Female,40,N,756.5
8715zd4xLYQ,8715zd4xLYQ,Seawell,Female,30,Y,0.0
GR4RBNmcjQY,GR4RBNmcjQY,Brands,Female,50,N,0.0
cSoWF3,cSoWF3,Lasseter,Female,40,N,0.0
YptKaP53kM8,YptKaP53kM8,Castelow,Female,30,N,541.5
mPnOySXlAZPd,mPnOySXlAZPd,Extence,Male,40,N,0.0
joc4Cgy5VTx7,joc4Cgy5VTx7,Negus,Female,30,N,1542.5
CuJcvN,CuJcvN,Bice,Female,40,N,0.0
XWt619j8QdBV,XWt619j8QdBV,Hembry,Female,40,N,0.0
gtZYjYp,gtZYjYp,Simonyi,Female,50,N,0.0
kCnQstX7BB,kCnQstX7BB,Pickup,Female,40,Y,0.0
QDI3MS03,QDI3MS03,Lutsch,Female,30,N,0.0
M9TPbl,M9TPbl,Haeslier,Female,30,N,180.0
WBkCZHl63,WBkCZHl63,Siggins,Female,50,N,0.0
HUYwInvK2C,HUYwInvK2C,Jiroutek,Male,40,N,0.0
JGAozkE8o1,JGAozkE8o1,Bedboro,Female,20,N,0.0
n4hujgxe,n4hujgxe,Pelerin,Male,30,N,0.0
0ox1iaGyX1F,0ox1iaGyX1F,Tytherton,Female,30,N,0.0
0AR242,0AR242,Chaffin,Male,30,N,0.0
gotiLbQm,gotiLbQm,Parlor,Female,30,N,0.0
8AVCqQu,8AVCqQu,Stampfer,Female,50,N,940.0
PUUqup,PUUqup,Channer,Female,40,Y,0.0
151AirYQWLsj,151AirYQWLsj,Jambrozek,Female,40,N,0.0
LtWPTXWH9,LtWPTXWH9,Cathee,Female,50,N,0.0
GJ8E56jR,GJ8E56jR,Buckston,Female,30,N,0.0
w7dqaeYOi,w7dqaeYOi,Treece,Female,40,Y,0.0
GRepdjnCIzS,GRepdjnCIzS,Durkin,Male,50,N,555.0
KVWBAOaeWQb,KVWBAOaeWQb,Christofle,Male,20,N,0.0
